target_id,ca_lddt.first.factor_native,ca_lddt.first.factor_rotated,ca_lddt.first.gplus_native,ca_lddt.first.gplus_rotated,ca_lddt.first.psi,ca_lddt.all.factor_native,ca_lddt.all.factor_rotated,ca_lddt.all.gplus_native,ca_lddt.all.gplus_rotated,ca_lddt.all.psi,ca_lddt.last.factor_native,ca_lddt.last.factor_rotated,ca_lddt.last.gplus_native,ca_lddt.last.gplus_rotated,ca_lddt.last.psi,ca_lddt.D_write_R1,ca_lddt.D_timing_R1,ca_lddt.D_last_R1,residue_ca_lddt.first.factor_native,residue_ca_lddt.first.factor_rotated,residue_ca_lddt.first.gplus_native,residue_ca_lddt.first.gplus_rotated,residue_ca_lddt.first.psi,residue_ca_lddt.all.factor_native,residue_ca_lddt.all.factor_rotated,residue_ca_lddt.all.gplus_native,residue_ca_lddt.all.gplus_rotated,residue_ca_lddt.all.psi,residue_ca_lddt.last.factor_native,residue_ca_lddt.last.factor_rotated,residue_ca_lddt.last.gplus_native,residue_ca_lddt.last.gplus_rotated,residue_ca_lddt.last.psi,residue_ca_lddt.D_write_R1,residue_ca_lddt.D_timing_R1,residue_ca_lddt.D_last_R1,tm_score_fixed_full_length.first.factor_native,tm_score_fixed_full_length.first.factor_rotated,tm_score_fixed_full_length.first.gplus_native,tm_score_fixed_full_length.first.gplus_rotated,tm_score_fixed_full_length.first.psi,tm_score_fixed_full_length.all.factor_native,tm_score_fixed_full_length.all.factor_rotated,tm_score_fixed_full_length.all.gplus_native,tm_score_fixed_full_length.all.gplus_rotated,tm_score_fixed_full_length.all.psi,tm_score_fixed_full_length.last.factor_native,tm_score_fixed_full_length.last.factor_rotated,tm_score_fixed_full_length.last.gplus_native,tm_score_fixed_full_length.last.gplus_rotated,tm_score_fixed_full_length.last.psi,tm_score_fixed_full_length.D_write_R1,tm_score_fixed_full_length.D_timing_R1,tm_score_fixed_full_length.D_last_R1
3gxb_A,0.3260293591120659,0.2778016469745793,0.28702112423916937,0.28616183315431437,0.047368421052631525,0.6239706408879341,0.6336018617973505,0.3344432509846043,0.3485141424991049,0.004439670605084138,0.44167561761546725,0.5201754385964913,0.5429287504475475,0.5034192624418189,-0.11800930898675259,-0.04292875044754738,0.1653777300393841,0.12244897959183672,0.32918659986120996,0.27834687203471514,0.28810187625253375,0.28713738121967897,0.04987523279364007,0.6129624208855488,0.6207804166218738,0.3332331852485548,0.34776722127972487,0.006716040294845145,0.4341003799007514,0.5088407350230265,0.5325106300129255,0.49408651730841546,-0.11316446782678531,-0.04315919249879493,0.1630397006204254,0.11988050812163047,0.35026666666666667,0.26893333333333336,0.26263333333333333,0.26476666666666665,0.08346666666666665,0.71,0.7211333333333334,0.3499999999999999,0.3623,0.0011666666666666492,0.4862333333333333,0.6213333333333334,0.6467333333333333,0.6029666666666667,-0.17886666666666665,-0.0823,0.2623333333333333,0.1800333333333333
6a89_A,0.27254224270353306,0.26850998463901693,0.2663402457757296,0.2606182795698925,-0.0016897081413210873,0.48726958525345615,0.3592357910906298,0.29249231950844856,0.28600230414746547,0.12154377880184337,0.3353110599078341,0.30524193548387096,0.35456989247311826,0.33682795698924733,0.012327188940092179,0.12323348694316445,-0.014016897081413265,0.1092165898617512,0.2703105508905524,0.26691204547784875,0.2653480558160735,0.25980193197197504,-0.002147618431394799,0.47891687817437106,0.35480224435643404,0.2901937011596787,0.28521417401555405,0.11913510667381239,0.3314993946264838,0.30493177724604775,0.35550110534165297,0.338524921499947,0.009591433538730118,0.12128272510520717,-0.011739051970124917,0.10954367313508227,0.27719999999999995,0.26353333333333334,0.25323333333333337,0.24450000000000002,0.004933333333333308,0.5579666666666667,0.42989999999999995,0.2881666666666667,0.29223333333333334,0.13213333333333335,0.3693666666666667,0.3101333333333333,0.37646666666666667,0.3544333333333333,0.03719999999999999,0.12720000000000006,-0.03226666666666669,0.09493333333333337
4xbc_A,0.24597727446045906,0.2510867078471746,0.24738808815679095,0.2486654465034698,-0.003832075040036594,0.2779684282772821,0.2867383512544803,0.2491802028521315,0.2587508579272478,0.0008007320979180887,0.25162052924578665,0.2624876077175322,0.27503241058491573,0.258274231678487,-0.02762525737817433,0.0046328071379546825,0.023793182338137736,0.028425989476092418,0.2587260960001024,0.2635608806545508,0.25966938487723074,0.26090363876321937,-0.0036005307684597496,0.2860282488406332,0.2910556666484245,0.26057732379399623,0.26914418444464433,0.0035394428428567326,0.26343515654303556,0.2680489851553746,0.28087161267330446,0.26781618862729784,-0.017669252658345642,0.007139973611316482,0.014068721889885893,0.021208695501202374,0.20656666666666668,0.21293333333333334,0.20976666666666666,0.2109,-0.00523333333333333,0.2524,0.25836666666666663,0.21296666666666667,0.22873333333333332,0.009800000000000003,0.2108,0.2473,0.24026666666666666,0.21256666666666665,-0.0642,0.015033333333333334,0.05896666666666667,0.074
6q3v_A,0.32264173998044965,0.3118075920495275,0.3136811665037471,0.30404855001629194,0.0012015314434669262,0.4379480286738351,0.4298835125448029,0.2965542521994135,0.327020202020202,0.03853046594982077,0.4209840338872597,0.41401922450309553,0.4128787878787879,0.3923509286412512,-0.013563049853372441,0.03732893450635385,0.014764581296839366,0.05209351580319321,0.33722087155508823,0.3278798753723528,0.3305585877074592,0.32110764216951887,-0.00010994935520495612,0.45273957396246206,0.44562682005660853,0.31554321655846646,0.3415054832291456,0.03307502057653263,0.42947291433529217,0.42952206849612046,0.42798760452151,0.4082972389938393,-0.019739519688499036,0.033184969931737585,0.019629570333294082,0.05281454026503166,0.21756666666666669,0.2213333333333333,0.23423333333333332,0.21976666666666667,-0.01823333333333334,0.2962,0.29940000000000005,0.21836666666666668,0.21713333333333332,-0.0044333333333333265,0.2830333333333333,0.28623333333333334,0.28709999999999997,0.2814333333333333,-0.00886666666666667,0.013800000000000015,-0.00936666666666667,0.004433333333333345
7nuw_A,0.39015588914549654,0.35724595842956114,0.35654830638953044,0.35582659738260203,0.03218822170900696,0.45347382602001546,0.42179080061585833,0.39328329484218627,0.3866195150115474,0.02501924557351809,0.44543879907621253,0.4285508083140878,0.44762798306389534,0.4508997305619708,0.02015973826020016,-0.007168976135488873,0.012028483448806804,0.0048595073133179305,0.40982840994288056,0.377353483495086,0.3762687304026536,0.3756243961738417,0.031830592218982566,0.47852942715109864,0.44214034715413714,0.4144481563183862,0.4090439113472863,0.03098483502586154,0.46494678571838016,0.45083474641798366,0.4695750830717369,0.4719496444229341,0.016486600651593592,-0.0008457571931210217,0.01534399156738897,0.014498234374267949,0.30516666666666664,0.26406666666666667,0.26846666666666663,0.27166666666666667,0.044300000000000006,0.4111666666666667,0.3832,0.30896666666666667,0.3034666666666666,0.022466666666666673,0.3920333333333333,0.3808,0.38630000000000003,0.3939,0.01883333333333335,-0.021833333333333333,0.025466666666666655,0.0036333333333333218
2obi_A,0.30766125777024306,0.29837733107289904,0.29244369096633566,0.273229999192702,-0.009929765076289667,0.43283280858965045,0.3675627674174538,0.29698474206829745,0.3184588681682409,0.08674416727214014,0.3378138370872689,0.3506700573181561,0.34110357633002336,0.34558408008395897,-0.008375716476951622,0.0966739323484298,-0.0015540485993380444,0.09511988374909176,0.30751335339257263,0.2997949558252564,0.29384540341262044,0.2751557876495501,-0.010971218195754112,0.43029154342520015,0.3615567535190174,0.29962708037438524,0.3175486354845251,0.08665634501632262,0.3454847739108307,0.3510399937920112,0.34963076287885825,0.35296129640156426,-0.0022246863584743926,0.09762756321207673,-0.00874653183727972,0.08888103137479701,0.3089,0.3072333333333333,0.306,0.2744666666666667,-0.029866666666666625,0.42860000000000004,0.3315333333333333,0.27836666666666665,0.30116666666666664,0.11986666666666666,0.39926666666666666,0.35026666666666667,0.34,0.3496333333333334,0.058633333333333336,0.14973333333333327,-0.08849999999999995,0.06123333333333333
3qzq_A,0.25744301994301994,0.23408119658119655,0.23879985754985755,0.25058760683760684,0.035149572649572636,0.36118233618233625,0.31426282051282056,0.26862535612535615,0.26826923076923076,0.046563390313390296,0.3050391737891738,0.29015313390313385,0.2812678062678063,0.2731125356125356,0.006730769230769244,0.01141381766381766,0.02841880341880339,0.039832621082621054,0.26134298756863755,0.24117126070218112,0.24757314160050467,0.25614612016339117,0.028744705429342987,0.36502770487023,0.31675962671879027,0.2701945209577817,0.2693416954757116,0.047415252669369655,0.3101107102204374,0.2914108943549801,0.2840849317542587,0.2730266929149072,0.00764157702610585,0.018670547240026664,0.021103128403237137,0.039773675643263805,0.21530000000000002,0.1953,0.19649999999999998,0.19296666666666665,0.016466666666666668,0.3922666666666667,0.2946,0.22613333333333333,0.23273333333333332,0.10426666666666666,0.29216666666666663,0.26236666666666664,0.2710666666666667,0.23090000000000002,-0.010366666666666672,0.08779999999999999,0.026833333333333338,0.11463333333333332
4woh_A,0.377392051030422,0.3356844946025515,0.33597072293097807,0.33738141969250895,0.0431182531894014,0.4274002289826628,0.4557572783774943,0.34179751390251883,0.3456207065750736,-0.02453385672227676,0.349525678770036,0.4355781812234216,0.4244357212953876,0.4326341184167484,-0.07785410533202487,-0.06765210991167815,0.12097235852142628,0.05332024860974812,0.3932190001012155,0.35733309060019103,0.35709846153562425,0.35846544388706647,0.037252891852466774,0.44164546774674657,0.4663108049477264,0.36222001975210505,0.3665009001519864,-0.020384456801098443,0.3683827639621006,0.4478459098456156,0.4379513947149581,0.4485620094806366,-0.06885253111783655,-0.057637348653565214,0.10610542297030333,0.04846807431673811,0.43663333333333326,0.4114333333333333,0.41250000000000003,0.41206666666666664,0.024766666666666676,0.5184666666666666,0.5305333333333334,0.41863333333333336,0.4271333333333333,-0.0035666666666666993,0.4256333333333333,0.5316,0.5204,0.54,-0.08636666666666669,-0.028333333333333377,0.11113333333333336,0.08279999999999998
6ndw_A,0.3478052290717198,0.3381706244503078,0.34342768049892064,0.3433277364675782,0.00953466059006954,0.3510034380746782,0.3576397217558167,0.3700327816422804,0.3578995762373071,-0.018769489086111774,0.33331334452706485,0.3421683857040058,0.33587191172943154,0.34288798272967136,-0.0018389701767010196,-0.028304149676181316,0.01137363076677056,-0.016930518909410757,0.3523287390427056,0.34486752958879024,0.350571819245816,0.35061385134808587,0.0075032415561851655,0.3557878210118739,0.3592867502665698,0.37425967200366345,0.36149914654348986,-0.016259454714869486,0.3374820924603735,0.3489797708431432,0.34069284880258865,0.3468107931258911,-0.005379734059467271,-0.02376269627105465,0.012882975615652437,-0.010879720655402214,0.32746666666666663,0.3247666666666667,0.3328,0.3328,0.002699999999999999,0.3544666666666667,0.38093333333333335,0.4016,0.37683333333333335,-0.05123333333333335,0.3418666666666667,0.3337333333333334,0.34593333333333326,0.3461,0.00830000000000003,-0.053933333333333354,-0.005600000000000031,-0.05953333333333338
3hny_A,0.21266066838046271,0.2185946872322194,0.22577120822622107,0.22476435304198797,-0.0069408740359897065,0.4255355612682091,0.46351756640959724,0.22574978577549273,0.34353041988003424,0.07979862896315341,0.3094901456726649,0.2512853470437018,0.2173521850899743,0.22630676949443015,0.06715938303341903,0.08673950299914313,-0.07410025706940875,0.012639245929734385,0.22854855693213771,0.23515872658493273,0.24279310663052167,0.2416668312476998,-0.007736445035616907,0.432681609424151,0.4593417384716672,0.24136996790641904,0.3530371962979631,0.08500709934402796,0.31173479512248387,0.26133459281383414,0.22600560981480597,0.23541072716865719,0.059805319662500946,0.09274354437964487,-0.06754176469811786,0.02520177968152702,0.2112333333333333,0.21446666666666667,0.21683333333333332,0.2164,-0.003666666666666679,0.5232333333333333,0.5529333333333333,0.2159333333333333,0.3788666666666667,0.1332333333333334,0.35086666666666666,0.24546666666666664,0.21063333333333334,0.21430000000000002,0.10906666666666665,0.13690000000000005,-0.11273333333333335,0.024166666666666725
1wba_A,0.24337559944728926,0.2542875721368772,0.25191010322685525,0.24853694220921727,-0.014285133707225886,0.26885718930342195,0.25453141510200766,0.24941071283426805,0.2524181094042104,0.01733317077135657,0.24124197350239776,0.26396000975371864,0.24445257254328212,0.23839713890920913,-0.02877346988539382,0.03161830447858246,0.014488336178167934,0.04610664065675039,0.25638488662128256,0.2668707795578715,0.2649809935841669,0.2614679929209591,-0.013998893599796725,0.2812829375210615,0.26757380912282386,0.2621429355384663,0.2654024704594227,0.016968663319194055,0.2561092123622846,0.2766425710694275,0.25805030399362666,0.25164186447689524,-0.026941798223874297,0.03096755691899078,0.012942904624077572,0.04391046154306835,0.2034,0.21253333333333335,0.21086666666666667,0.20516666666666664,-0.014833333333333346,0.2634,0.2391,0.20946666666666666,0.20463333333333333,0.019466666666666677,0.19036666666666668,0.22766666666666668,0.2252333333333333,0.2175,-0.045033333333333335,0.034300000000000025,0.030199999999999987,0.06450000000000002
1yn9_A,0.41600592663783437,0.3433245234662822,0.3175556623418228,0.31068797052699026,0.06581371135671954,0.7742671792407497,0.694918308505526,0.4046732340221048,0.49231138875540603,0.16698702546852476,0.416106038763415,0.43476693897164825,0.5276109242351433,0.5026830049655614,-0.04358881947781521,0.10117331411180523,0.10940253083453476,0.21057584494633996,0.42096115739892026,0.35429213949625454,0.33489387882853977,0.33043501274872916,0.06221015182285509,0.7648713629260661,0.687188818315921,0.4101588543474273,0.49402871090521927,0.1615524011679371,0.42342116304944816,0.4400038877255328,0.5375259174200421,0.5121368740478592,-0.04197176804826743,0.09934224934508201,0.10418191987112252,0.20352416921620453,0.44436666666666663,0.38493333333333335,0.2853,0.2764333333333333,0.05056666666666667,0.8330333333333334,0.7897666666666666,0.4434666666666667,0.5513333333333333,0.15113333333333334,0.3913333333333333,0.4540666666666667,0.6085999999999999,0.5350666666666667,-0.13626666666666665,0.10056666666666668,0.18683333333333332,0.2874
1a44_A,0.23932302696597488,0.24211139347734012,0.24133488634759281,0.2390583086262883,-0.005064944232669788,0.2585062826485952,0.240134829874347,0.23724057602710716,0.23542284342792605,0.01655372017506705,0.24548214033601579,0.2309755753211916,0.23152265988987716,0.23341098404630803,0.016394889171255107,0.021618664407736837,-0.021459833403924895,0.00015883100381193968,0.24936816075306953,0.25168730172195936,0.25108267898601794,0.24882591055773737,-0.004575909397170434,0.267281241360905,0.2500214973479553,0.24702762197812358,0.24568774676357763,0.015919868798403635,0.2574269663293431,0.24187126191172834,0.24330834505470134,0.2462423137505337,0.018489673113447225,0.020495778195574067,-0.02306558251061766,-0.0025698043150435925,0.2538,0.24549999999999997,0.25866666666666666,0.2583,0.00793333333333332,0.294,0.26343333333333335,0.25293333333333334,0.26056666666666667,0.03819999999999998,0.27623333333333333,0.2795666666666667,0.2641,0.26256666666666667,-0.004866666666666658,0.030266666666666654,0.012799999999999978,0.043066666666666635
4xje_A,0.3395894667975139,0.3409183840366372,0.33785165194635264,0.3388738959764475,-0.00030667320902845924,0.6049435721295388,0.6390865227347072,0.36222194962381415,0.41284347399411186,0.016478573765129217,0.5874427543343147,0.4931100752371606,0.5460009813542689,0.5731517827935885,0.12148348053647372,0.016785246974157675,-0.12179015374550217,-0.1050049067713445,0.3609538421246756,0.3626922815942808,0.3607724652207551,0.3619471782692583,-0.0005637264211021398,0.6198030923136498,0.6581770908984557,0.38029117383411476,0.430104141170425,0.011438968751504483,0.6002883012575014,0.506975164971622,0.5565813589886437,0.5840290457592326,0.1207608230564685,0.012002695172606622,-0.12132454947757064,-0.10932185430496401,0.2828,0.282,0.27886666666666665,0.2798,0.0017333333333333274,0.5974333333333334,0.6023,0.32683333333333336,0.3692666666666667,0.03756666666666667,0.5315333333333333,0.49490000000000006,0.5389,0.5475,0.04523333333333326,0.03583333333333335,-0.04349999999999993,-0.007666666666666581
1ccz_A,0.34518905062711713,0.2627712166987092,0.2869175135036162,0.21184656229973453,0.007346882724526225,0.5918703652842626,0.5505813421221276,0.3236519271262474,0.44754188409777534,0.16517898013366292,0.5225212853611646,0.579717110683878,0.5401446489059781,0.5545179895633067,-0.04282248466538496,0.1578320974091367,0.050169367389911186,0.20800146479904788,0.3521903107405029,0.2672592840040864,0.292034010422262,0.21714376252027215,0.010040778834426639,0.5933619188712035,0.5539476002260205,0.32828015562538776,0.4532427210892986,0.16437688410909368,0.5229789228358346,0.5809497794833741,0.5401711571401469,0.5574097326724069,-0.040732281115279545,0.154336105274667,0.050773059949706184,0.20510916522437325,0.2787,0.1832666666666667,0.21346666666666667,0.1461,0.028066666666666667,0.5038,0.503,0.24816666666666665,0.3499666666666667,0.10260000000000002,0.47573333333333334,0.49899999999999994,0.3873666666666667,0.4425666666666667,0.031933333333333314,0.07453333333333338,-0.003866666666666648,0.07066666666666672
2p3k_A,0.3108830845771144,0.30972222222222223,0.30740049751243786,0.3055555555555556,-0.000684079601990073,0.32651326699834166,0.31948590381426206,0.3023009950248756,0.30789800995024874,0.012624378109452716,0.31836650082918744,0.3197968490878939,0.32815091210613606,0.36826285240464346,0.03868159203980098,0.01330845771144279,-0.039365671641791056,-0.026057213930348266,0.3237410678069936,0.32002470032976366,0.3184648367357373,0.31762809003801545,0.0028796207795080595,0.3388299815589475,0.3325486509806728,0.31386407431889574,0.318016364076952,0.010433620336330959,0.3290039192473671,0.3306883109175336,0.33845315531845843,0.37298302549570694,0.032845478507082006,0.007553999556822899,-0.029965857727573948,-0.02241185817075105,0.3902666666666667,0.40643333333333337,0.4030333333333333,0.38756666666666667,-0.031633333333333326,0.42573333333333335,0.37620000000000003,0.40066666666666667,0.385,0.033866666666666656,0.40376666666666666,0.39999999999999997,0.42156666666666665,0.47936666666666666,0.06156666666666668,0.06549999999999999,-0.0932,-0.02770000000000002
6ibj_A,0.23784625395054845,0.23315207287599926,0.23059583565718533,0.23066555121769847,0.00476389663506228,0.2562744004461796,0.24653746049451572,0.23745119910764081,0.2306190741773564,0.002904815021379459,0.2570645101319948,0.23533649377207658,0.25787785833798105,0.2561814463654955,0.020031604387432633,-0.0018590816136828208,-0.015267707752370352,-0.017126789366053174,0.24185667702297975,0.23726057274964094,0.2353418316456376,0.23545158897266258,0.004705861600363755,0.2592320861778212,0.25031189675721754,0.2413409044013576,0.23639890935645905,0.003978194375705023,0.26117921896478496,0.23891127456808345,0.26282330528185455,0.2591255007626768,0.018570139877523834,-0.0007276672246587327,-0.01386427827716008,-0.014591945501818812,0.2564666666666667,0.25016666666666665,0.24096666666666666,0.24053333333333335,0.005866666666666677,0.2685666666666667,0.2768333333333333,0.25520000000000004,0.24133333333333332,-0.02213333333333331,0.3031,0.25830000000000003,0.2991333333333333,0.30066666666666664,0.04633333333333333,-0.027999999999999987,-0.04046666666666665,-0.06846666666666663
1j84_A,0.3356761822376009,0.2901528258362169,0.28680074971164937,0.2767445213379469,0.03546712802768167,0.43600418108419836,0.3752342848904268,0.32279051326412916,0.30635452710495964,0.044333910034602075,0.3555903979238755,0.36824178200692037,0.32511534025374855,0.33578431372549017,-0.00198241061130335,0.008866782006920407,0.037449538638985015,0.04631632064590543,0.34295262636492696,0.3002630167997395,0.29793775382667426,0.2884313572256396,0.03318321296415285,0.43693036196063373,0.37756477045794085,0.33097298799821806,0.3144380756628156,0.04283067916729041,0.35808007309313744,0.3716976713124814,0.3331338389472327,0.34069840808573776,-0.006053029080838934,0.009647466203137556,0.039236242044991786,0.04888370824812934,0.4209333333333334,0.3881666666666666,0.38949999999999996,0.3713333333333333,0.014600000000000002,0.5407666666666666,0.46823333333333333,0.4277333333333333,0.40409999999999996,0.048899999999999964,0.461,0.4787333333333333,0.4175,0.43506666666666666,-0.0001666666666666483,0.03429999999999996,0.01476666666666665,0.04906666666666661
3esx_A,0.6065828913995851,0.5712858350626393,0.5863115825071094,0.5843132733840596,0.03329874721389595,0.6184190300514949,0.6358465913457844,0.6024709860886941,0.6038928598877873,-0.016005687495196375,0.6320421182076704,0.6407655061102144,0.6306394589193759,0.6334639920067635,-0.005898854815156396,-0.04930443470909233,0.03919760202905235,-0.010106832680039979,0.6115813713493672,0.576249096396441,0.5901524986672645,0.5879347179171452,0.03311449420280695,0.623202780305751,0.6433206916935619,0.6063428460111546,0.6086644200318819,-0.017796337367083415,0.6387579094365644,0.6467143984593712,0.6370248581583632,0.6401976633257663,-0.004783683855403657,-0.05091083156989037,0.03789817805821061,-0.013012653511679758,0.7309666666666667,0.6838666666666667,0.7104333333333334,0.7103333333333334,0.04700000000000001,0.7473333333333333,0.7620999999999999,0.7250333333333333,0.7312666666666666,-0.008533333333333318,0.7669,0.7769,0.7639999999999999,0.7730333333333334,-0.0009666666666666712,-0.05553333333333332,0.04796666666666668,-0.007566666666666648
4p27_A,0.2760360115816142,0.2723262757871878,0.2697475570032573,0.2696570756424177,0.0036192544335867014,0.3086771625045241,0.2863508867173363,0.27802660152008685,0.28877126311979734,0.033070937386898314,0.31277144408251895,0.2867354325009048,0.3360930148389432,0.33611563517915305,0.0260586319218241,0.029451682953311614,-0.022439377488237395,0.007012305465074216,0.2844325302690279,0.2800068103545269,0.27751334395469635,0.27757952526285673,0.0044919012226613915,0.3161814073670555,0.2922152694287063,0.2865350397898654,0.294204072292311,0.031635170440794814,0.3182016403329756,0.2922680597539589,0.3408145582280822,0.3402924346185725,0.02541145696950688,0.027143269218133426,-0.02091955574684549,0.006223713471287935,0.21453333333333333,0.21796666666666667,0.20916666666666664,0.2114,-0.0012000000000000066,0.3271,0.2596333333333334,0.22166666666666668,0.24040000000000003,0.08619999999999998,0.33153333333333335,0.3119,0.3601666666666667,0.34223333333333333,0.0016999999999999886,0.08739999999999999,-0.002899999999999995,0.08449999999999998
6fpc_A,0.31222273214012547,0.30824537249502826,0.311572586813523,0.31750038243842743,0.009905155270001539,0.3651713324154811,0.3685559124980878,0.319489062260976,0.3110945387792566,-0.011779103564326154,0.3513653051858651,0.34482560807709955,0.39356738565091015,0.3405805415328132,-0.0464471470093315,-0.02168425883432769,0.05635230227933304,0.03466804344500535,0.3331856979081033,0.33001432543968395,0.33431159258560844,0.339902497836244,0.00876227771905482,0.3766744723741831,0.3881264039811347,0.34021981405580465,0.3331917332110675,-0.018480012451688715,0.36969284655902596,0.3622992116764256,0.40548333305063083,0.35903826775648834,-0.039051430411542076,-0.027242290170743533,0.0478137081305969,0.02057141795985336,0.3204666666666667,0.30716666666666664,0.3121333333333333,0.3139,0.015066666666666654,0.3822666666666667,0.35613333333333336,0.3356666666666666,0.3323666666666667,0.022833333333333334,0.36366666666666664,0.3466,0.43173333333333336,0.3495,-0.06516666666666669,0.007766666666666681,0.08023333333333334,0.08800000000000002
7c82_A,0.5996003822430719,0.45293632177916776,0.45956042046737905,0.4612761706194075,0.14837981061593258,0.7287811658413691,0.7685257579706368,0.5616366953348971,0.5572278689948745,-0.04415341846929022,0.580249326730953,0.5507557988011468,0.5515159412735644,0.5958865433064026,0.07386412996264442,-0.19253322908522277,0.07451568065328816,-0.11801754843193464,0.6309161855910091,0.4949867907477115,0.5011892699536818,0.5032655605055815,0.13800568539519723,0.7412625433734062,0.7737492906549767,0.59224497450965,0.587599671419286,-0.037132050371934365,0.6147237362436629,0.5905778860040465,0.5874883341464626,0.6268181843365803,0.06347570042973427,-0.17513773576713157,0.07452998496546294,-0.10060775080166863,0.5941,0.40676666666666667,0.41030000000000005,0.4119,0.18893333333333331,0.7082333333333333,0.7353999999999999,0.5216999999999999,0.5243666666666666,-0.02450000000000004,0.5862333333333333,0.5576,0.5425666666666666,0.6108666666666666,0.09693333333333327,-0.21343333333333336,0.09200000000000004,-0.12143333333333332
1bk7_A,0.26059709128115177,0.2658773660746912,0.2654754074398889,0.26609661623912884,-0.004659065994299531,0.2460352261930863,0.253782065336549,0.267466929766864,0.26364832273624206,-0.011565446174084624,0.26825257618943216,0.267777534166484,0.2711210991741577,0.27413578893517504,0.003489731783965518,-0.006906380179785093,-0.008148797778265049,-0.015055177958050142,0.2735884380424291,0.27847893699459364,0.27803696706078274,0.27871401189903977,-0.004213454113907574,0.25995103210203924,0.26875303785753085,0.2802460706313746,0.27706101977313363,-0.011987056613732597,0.2822184024099104,0.28110272989453605,0.2852205084095702,0.28776499998116445,0.003660164086968676,-0.0077736024998250235,-0.00787361820087625,-0.015647220700701275,0.23396666666666666,0.23509999999999998,0.2342,0.2343666666666667,-0.000966666666666662,0.23960000000000004,0.23183333333333334,0.2346,0.23723333333333332,0.010400000000000012,0.22899999999999998,0.2423666666666667,0.23983333333333334,0.22256666666666666,-0.030633333333333335,0.011366666666666672,0.029666666666666675,0.041033333333333345
6ht1_A,0.35363354381300544,0.3524703666777445,0.35227650382186776,0.352248809128171,0.0011354824415642322,0.33034230641409107,0.3117037775562202,0.3521103356596876,0.34382962224437796,0.010357815442561221,0.3507256009748532,0.35014401240722276,0.34803921568627455,0.3491746981278387,0.001717071009194641,0.009222333000996988,-0.0005815885676304089,0.00864074443336658,0.36240244250582054,0.36139026269223057,0.361317282866685,0.36096909358742807,0.0006639905343330624,0.33858923437532845,0.3190521930693336,0.36095162783570084,0.35245043745667876,0.011035850926972632,0.35921700181989125,0.35863328525909743,0.35582651338380883,0.3571004722935487,0.0018576754705336336,0.01037186039263957,-0.0011936849362005713,0.009178175456439,0.3682,0.36863333333333337,0.3680666666666667,0.3696,0.0010999999999999899,0.3282,0.31473333333333336,0.3687,0.34900000000000003,-0.0062333333333333225,0.37323333333333336,0.3716333333333333,0.36403333333333326,0.3731,0.010666666666666694,-0.007333333333333312,-0.009566666666666704,-0.016900000000000016
5d6p_A,0.5175962815405046,0.51064261472628,0.4171093404161133,0.43939058580492846,0.029234912203039698,0.5978677881068318,0.6589198760513502,0.533514091781024,0.5405784270326103,-0.05398775269293199,0.6494577246569277,0.6408624760218385,0.6157407407407408,0.6129555850671388,0.005810092961487416,-0.08322266489597169,0.02342481924155228,-0.0597978456544194,0.5294519723941381,0.5243655203139878,0.441392933676987,0.46128961292300685,0.024983131326170156,0.6029135693967923,0.6626652821087554,0.5448507618195416,0.5546485324045785,-0.049953942126926276,0.6552936973850237,0.6480342225822864,0.6205182656957992,0.6202708730159169,0.007012082122855016,-0.07493707345309643,0.017971049203315142,-0.05696602424978129,0.4883,0.4884666666666666,0.3636333333333333,0.39466666666666667,0.03086666666666669,0.5886666666666667,0.6452333333333333,0.5165333333333333,0.5114333333333333,-0.06166666666666665,0.6216666666666667,0.6401666666666667,0.6174666666666667,0.6090666666666666,-0.026900000000000073,-0.09253333333333334,0.057766666666666765,-0.03476666666666658
1lxz_A,0.20714242914494577,0.2009407394091917,0.20369704595841573,0.2043262028881299,0.006830846665468256,0.22627179579363652,0.26078554736652887,0.20898496015339443,0.20324764815147703,-0.04025106357480975,0.1991581281083348,0.20174965546168133,0.20197435436515068,0.2030529091018036,-0.0015129726166936512,-0.047081910240278003,0.008343819282161907,-0.038738090958116096,0.2207484648661964,0.21707288181029769,0.2192530899599081,0.2202554063969554,0.0046778994929460305,0.2387816547818634,0.2726199856268441,0.2256164375916233,0.21761487959632553,-0.04183988884027851,0.2134982625016042,0.21556252646002613,0.21612705818146957,0.21766793957805816,-0.0005233825618333465,-0.04651778833322454,0.005201282054779377,-0.041316506278445166,0.2047,0.19656666666666664,0.17446666666666666,0.1817,0.015366666666666676,0.22953333333333328,0.2719333333333333,0.18100000000000002,0.20033333333333334,-0.02306666666666668,0.18643333333333334,0.1885,0.18106666666666668,0.18093333333333336,-0.0021999999999999984,-0.038433333333333354,0.017566666666666675,-0.020866666666666683
5kdi_A,0.44528948269955465,0.43468653648509764,0.44093867762932515,0.4404248030147311,0.010089071599862961,0.4565262076053443,0.43934566632408356,0.43703323055841037,0.4320829051044878,0.012230215827338168,0.4488694758478931,0.4776293251113395,0.47603631380609795,0.4336073997944501,-0.07118876327509421,0.0021411442274752077,0.08127783487495717,0.08341897910243239,0.4467090232247742,0.43466181346662913,0.4412609569197232,0.440591323326399,0.011377576164820824,0.4603678992644686,0.4446722663446035,0.4373048961629114,0.43422160761251094,0.012612344369464587,0.4531753639936873,0.47941740217687073,0.47945559767802387,0.43718449916938,-0.06851313669182735,0.001234768204643762,0.07989071285664817,0.08112548106129193,0.39043333333333335,0.3887333333333333,0.3939,0.3938333333333333,0.0016333333333333384,0.41453333333333336,0.4138,0.38736666666666664,0.36083333333333334,-0.02579999999999999,0.3965666666666667,0.4411333333333333,0.4630666666666667,0.3809,-0.12673333333333334,-0.027433333333333327,0.12836666666666666,0.10093333333333333
7np5_A,0.35845556514236404,0.3342824273799252,0.3254242162784009,0.33449813057233246,0.03324705205637041,0.382154155881507,0.3715559390278976,0.3526171987345412,0.3633592177164222,0.021340235835490384,0.3365545010066149,0.3360368133448375,0.4019988495829738,0.3854040839804429,-0.016077077940753526,-0.011906816220880023,0.04932412999712393,0.03741731377624391,0.3643299492351928,0.3410047448916182,0.33375272543593765,0.3428895418424369,0.03246202075007387,0.3850089888490353,0.37688372387492186,0.3567104984295169,0.36838207717948074,0.019796843724077178,0.3472216476231318,0.3451085707051355,0.4031823311853222,0.38619714112664205,-0.014872113140683837,-0.012665177025996696,0.04733413389075771,0.034668956864761014,0.3041666666666667,0.2657333333333333,0.2612666666666667,0.2807,0.05786666666666666,0.3308333333333333,0.3002,0.2907666666666667,0.31373333333333336,0.053600000000000016,0.27103333333333335,0.25343333333333334,0.4003666666666667,0.37693333333333334,-0.005833333333333311,-0.004266666666666641,0.06369999999999996,0.05943333333333333
5nl7_A,0.5505638088419545,0.4615625559334169,0.5154525386313465,0.5160640773223554,0.08961279159954656,0.4386820595429867,0.4836674422767138,0.5047580693276057,0.5092625738321103,-0.04048087822922258,0.5252371576874889,0.5374977626633256,0.45717737605154823,0.45944454388163,-0.009993437145754994,-0.13009366982876916,0.09960622874530156,-0.030487441083467588,0.5539173285071867,0.4691479062590833,0.5231185264271687,0.5244198370223251,0.08607073284325978,0.4470104782557045,0.48997885092612187,0.5126121017944879,0.5165511772629311,-0.039029297201974365,0.5305493387747429,0.5363643873713885,0.46318921492737625,0.46516747384067836,-0.0038367896833435924,-0.12510003004523415,0.08990752252660338,-0.03519250751863077,0.46763333333333335,0.3182,0.42993333333333333,0.42686666666666667,0.14636666666666667,0.3033666666666667,0.3718333333333333,0.3909666666666667,0.3979,-0.06153333333333335,0.44029999999999997,0.46449999999999997,0.3668,0.3705333333333334,-0.02046666666666667,-0.20789999999999997,0.1668333333333333,-0.041066666666666675
3eii_A,0.24477051802633198,0.20295004306632214,0.2034422296050203,0.2034422296050203,0.041820474960009846,0.3504983388704319,0.3272117632582749,0.23395779500430666,0.23668020179648086,0.02600898240433124,0.31286144948935646,0.30175649070997906,0.3162144702842377,0.3263965793035561,0.021287067798695714,-0.015811492555678607,0.020533407161314132,0.004721914605635526,0.2516627619045025,0.21139879994936042,0.2117506982021952,0.211903294869124,0.040416558622070886,0.34658650083897996,0.32616077955075035,0.23952884203950467,0.24226244902051763,0.023159328269242562,0.30907566212964727,0.2969171861034783,0.3132550180180384,0.32278256918031983,0.021686027188450474,-0.017257230352828324,0.018730531433620412,0.001473301080792087,0.3325,0.17763333333333334,0.17636666666666667,0.17623333333333333,0.15473333333333333,0.46290000000000003,0.44036666666666663,0.2573666666666667,0.2564333333333333,0.021599999999999963,0.4476333333333333,0.42860000000000004,0.4325666666666667,0.44293333333333335,0.0294,-0.13313333333333338,0.12533333333333332,-0.007800000000000039
3f95_A,0.2890975119765106,0.2797481069386494,0.2786663575954258,0.280385566373049,0.011068613815484444,0.2869726471951785,0.30870421882243854,0.28523412146499766,0.32516226240148355,0.018196569309225807,0.3059612115592644,0.30870421882243854,0.3192319579663112,0.3071202287127183,-0.014854736516767109,0.007127955493741363,0.025923350332251554,0.033051305825992916,0.29311023871088837,0.2848625619091289,0.28369983957555184,0.2860758710453329,0.010623708271540558,0.2924959624926456,0.3114260082049546,0.29089701142730934,0.3275936278380825,0.017766570698464157,0.3085173283997486,0.311701441941352,0.3200972015444612,0.30913947759366084,-0.01414183749240383,0.007142862426923598,0.02476554576394439,0.03190840819086799,0.33203333333333335,0.31783333333333336,0.30526666666666663,0.30706666666666665,0.015999999999999976,0.3223333333333333,0.3599666666666666,0.31656666666666666,0.3572666666666667,0.0030666666666666433,0.36146666666666666,0.3738333333333333,0.3637666666666666,0.3679666666666666,-0.008166666666666674,-0.012933333333333333,0.024166666666666652,0.011233333333333317
3zj0_A,0.28072873940388293,0.2678254033360678,0.26920973475526383,0.2775157232704402,0.021209324582991535,0.6131733661471152,0.6033121410992616,0.3583196609242549,0.38205838118676505,0.033599945310363734,0.5285753349740224,0.4456863549357397,0.4901387749521466,0.46600697292863,0.05875717801476623,0.0123906207273722,-0.03754785343177469,-0.025157232704402493,0.2888340304070359,0.27553270416770065,0.2746993202893811,0.284266523295127,0.02286852924508122,0.6054873437416913,0.600637648904654,0.36116739437033646,0.3854484995248623,0.02913079999156315,0.5249313346027359,0.43933029540701135,0.4875462413766378,0.46265646993777265,0.06071126775685929,0.006262270746481928,-0.03784273851177807,-0.03158046776529614,0.27776666666666666,0.2488,0.23976666666666668,0.25303333333333333,0.04223333333333335,0.6844,0.6840666666666667,0.3633,0.40126666666666666,0.03829999999999991,0.5682999999999999,0.4682666666666666,0.5389,0.5031333333333333,0.06426666666666665,-0.003933333333333446,-0.022033333333333304,-0.02596666666666675
2nlr_A,0.2408048820715817,0.2197756886030018,0.2148963659354555,0.2156660619055473,0.021798889438671726,0.221026444554401,0.223156853043048,0.2213563142558689,0.21679311671889603,-0.006693606025619886,0.21779647039419428,0.2156798064764418,0.2289845511023146,0.22513607125185553,-0.0017318159327065763,-0.02849249546429161,0.023530705371378302,-0.00496179009291331,0.2525583323384787,0.23069937404056926,0.2249910947709156,0.22626578426097102,0.02313364778796485,0.2320702850763102,0.23454700937963183,0.2340949122164885,0.22821128694571294,-0.008360349574097231,0.22814569187501552,0.22399681687094375,0.2369714350580293,0.2347065792787445,0.0018840192247869259,-0.03149399736206208,0.021249628563177924,-0.010244368798884157,0.21889999999999998,0.2084,0.21716666666666665,0.21953333333333333,0.012866666666666665,0.24596666666666667,0.2185666666666667,0.21613333333333332,0.21696666666666667,0.028233333333333333,0.18316666666666667,0.18243333333333334,0.20953333333333335,0.20973333333333333,0.000933333333333323,0.015366666666666667,0.011933333333333343,0.02730000000000001
1m1u_A,0.2539723306622834,0.25448599410999245,0.25501677967262515,0.2532018354907198,-0.002328607629614408,0.4766454352441613,0.5422231354016848,0.28280597219368536,0.30359221971097866,-0.04479145264023018,0.44846243407985753,0.4171289637696048,0.3781076638586398,0.3929182932675844,0.04614409971919731,-0.042462845010615764,-0.04847270734881171,-0.09093555235942748,0.26068124044377644,0.2652566529097607,0.26291197263544713,0.26114004695417203,-0.0063473381472593975,0.47609533021907974,0.5363595933805967,0.28998021957500647,0.3068373105914557,-0.043407172145067764,0.43829708348739144,0.403977607698034,0.37288857568453176,0.38168148478439995,0.04311238488922562,-0.03705983399780837,-0.04945972303648502,-0.08651955703429338,0.205,0.20506666666666665,0.20183333333333334,0.20103333333333331,-0.0008666666666666822,0.547,0.6523,0.22596666666666665,0.3,-0.031266666666666644,0.4739,0.47573333333333334,0.4170333333333333,0.4361333333333333,0.017266666666666652,-0.030399999999999965,-0.018133333333333335,-0.048533333333333296
2a7m_A,0.3067139899438036,0.2607832988267771,0.2575544710637878,0.2673641920536331,0.05574041210687175,0.46936310756186533,0.5723282066449769,0.2955363304742187,0.334072759538598,-0.06442867001873209,0.28055062604752046,0.2917159617470177,0.29461204771763777,0.2893005028098196,-0.01647688060731541,-0.12016908212560384,0.07221729271418716,-0.04795178941141668,0.31174665621256964,0.27001318248979583,0.2678282547470167,0.2769699185199206,0.05087513749567766,0.4669149260428796,0.568857888989529,0.3023234101990417,0.33791220153341067,-0.06635417161228047,0.28909639478445787,0.3035343081514709,0.30690326711629545,0.30106765027153665,-0.020273530211771824,-0.11722930910795813,0.07114866770744949,-0.04608064140050864,0.31583333333333335,0.23053333333333334,0.25003333333333333,0.25156666666666666,0.08683333333333336,0.5551666666666667,0.7024,0.3054333333333333,0.34863333333333335,-0.10403333333333335,0.2607333333333333,0.29436666666666667,0.2729333333333333,0.2564333333333333,-0.05013333333333336,-0.1908666666666667,0.13696666666666674,-0.05389999999999998
3n36_A,0.2156585713558373,0.23141642482561986,0.22007535257878927,0.2158494984980398,-0.019983707550532054,0.3477801537599919,0.2412682653632707,0.2555623440761672,0.22403390866045517,0.07498345298100915,0.2534621455119393,0.2861234153047197,0.23622778880912376,0.25959727101471414,-0.009291787587190061,0.0949671605315412,-0.010691919963341992,0.0842752405681992,0.23374031678905946,0.25009861004581313,0.2380767147472448,0.2342631872174895,-0.02017182078650896,0.35278819595028793,0.25164158930568936,0.2729492311248399,0.2408635428363033,0.06906091835606201,0.26675657124615854,0.2970595351454759,0.2496626444436798,0.27220915388258743,-0.007756454460409762,0.08923273914257097,-0.012415366326099195,0.07681737281647179,0.2174,0.22830000000000003,0.2121666666666667,0.20573333333333332,-0.01733333333333333,0.4276333333333333,0.26833333333333337,0.27143333333333336,0.20243333333333335,0.09029999999999999,0.3136666666666667,0.3508,0.27776666666666666,0.28536666666666666,-0.029533333333333373,0.10763333333333332,0.012200000000000044,0.11983333333333336
1xa1_A,0.2684822872645693,0.2549825220430949,0.25495643554025144,0.25719987478478634,0.01574320446600928,0.2937209787655867,0.3337768038816716,0.29730787290655813,0.28367767517086656,-0.0536860228517765,0.27822559607659,0.2638128032555956,0.29352532999426095,0.3018077946470496,0.022695257473783075,-0.06942922731778578,-0.006952053007773795,-0.07638128032555958,0.2844965908912104,0.273830900764176,0.27480691034353893,0.27654725571701827,0.012406035500513798,0.3018072560268206,0.3378492619980397,0.3121957904826228,0.3004829045335821,-0.04775489192025978,0.2924698259097759,0.2785268717330274,0.30696320670548843,0.314565447801123,0.021545195272383022,-0.06016092742077358,-0.009139159771869224,-0.0693000871926428,0.22836666666666663,0.2483,0.25,0.2506333333333333,-0.019299999999999994,0.2291,0.26616666666666666,0.2998,0.2901666666666667,-0.0467,0.2409666666666667,0.2308,0.2675,0.2683666666666667,0.011033333333333367,-0.027400000000000008,-0.03033333333333336,-0.057733333333333366
6j5q_A,0.32103055346857,0.3168983220636113,0.30952604557976454,0.3140339343851741,0.00864012021036816,0.35047270222890053,0.3327854996243426,0.3199192336589031,0.33170548459804655,0.029473453543701473,0.3284341347357876,0.3229557976458803,0.37609566741798145,0.3443839218632607,-0.026233408464813424,0.020833333333333315,0.034873528675181585,0.0557068620085149,0.3293890605391883,0.32508628180819527,0.3183501255612931,0.3225215092311051,0.008474162400805119,0.357676647507191,0.3396059480810392,0.328201129240598,0.3400817845849231,0.029951354770476852,0.33485452934027266,0.33003441467443606,0.380232190726214,0.34987034283089485,-0.0255417332294825,0.021477192369671733,0.03401589563028762,0.055493087999959355,0.24053333333333335,0.23686666666666667,0.22043333333333334,0.21106666666666665,-0.005700000000000001,0.2814333333333333,0.2912333333333333,0.2285,0.26663333333333333,0.02833333333333332,0.2730666666666666,0.2551333333333334,0.34990000000000004,0.29496666666666665,-0.037,0.034033333333333325,0.031299999999999994,0.06533333333333331
2erf_A,0.2887543569987158,0.282883874518437,0.2851158808781263,0.28624717177276343,0.007001773374915958,0.3317739864245093,0.3466947960618847,0.2895187427383355,0.3127560692227726,0.008316516847061695,0.41188161193664774,0.36357243319268634,0.41195805051060974,0.4102458264538617,0.046596954687213345,0.001314743472145737,-0.03959518131229739,-0.03828043784015165,0.28914060448822243,0.28370013012058953,0.2853880584389028,0.28665086650752547,0.0067032824362554715,0.3301771676321772,0.345496584866198,0.29034955088704056,0.31131459918216325,0.00564563106110183,0.40930127235936786,0.35945503299492,0.4098495663267232,0.4107806167818499,0.05077728981957458,-0.0010576513751536416,-0.044074007383319104,-0.04513165875847275,0.30670000000000003,0.3076666666666667,0.30036666666666667,0.30219999999999997,0.0008666666666666637,0.38526666666666665,0.41176666666666667,0.3127666666666667,0.34703333333333336,0.007766666666666681,0.47000000000000003,0.42273333333333335,0.48843333333333333,0.4839,0.042733333333333325,0.006900000000000017,-0.04186666666666666,-0.034966666666666646
4dr9_A,0.29784970746903733,0.2931768102727756,0.29494339335916725,0.2953233037003267,0.005052807537421174,0.32482334169136085,0.30276954638705267,0.29469645163741354,0.29959729503837096,0.026954638705265543,0.30231365397766125,0.2912772585669782,0.3008699946812552,0.296596003343211,0.006762404072638857,0.02190183116784437,-0.0017095965352176834,0.020192234632626687,0.31118778192276236,0.3056383138207019,0.30692279145002743,0.30713538855482253,0.005762065206855553,0.33339189803728714,0.3109174041597344,0.3044708071441402,0.3100506924159548,0.02805437914936726,0.31213322025908313,0.30119416635764734,0.311578379270965,0.3071287776316533,0.0064894522621240696,0.022292313942511705,-0.0007273870552685172,0.02156492688724319,0.23170000000000002,0.23696666666666666,0.2394333333333333,0.24126666666666666,-0.0034333333333333347,0.3087333333333333,0.2729,0.2359,0.23656666666666668,0.0365,0.22929999999999998,0.22923333333333332,0.2346,0.22376666666666667,-0.010766666666666666,0.03993333333333333,0.007333333333333331,0.04726666666666666
1h5y_A,0.6941421329240501,0.561845960652993,0.4875238361006464,0.5306381098553555,0.17541044602576628,0.7736965722524535,0.7713710990186503,0.6404469559555369,0.6497255941584111,0.011604111436677389,0.7603832379889308,0.7512557555462537,0.786172736151807,0.7822310590205106,0.005185805311380835,-0.1638063345890889,0.17022464071438545,0.006418306125296554,0.6861176838947417,0.555800743280258,0.48771750493793986,0.5277590877528633,0.17035852342940738,0.7587241947405933,0.7574674726359533,0.6347402685645017,0.643778121041965,0.01029457458210307,0.7473524464609836,0.7392389170126744,0.7735437566739719,0.7701393102215884,0.004709082995925947,-0.16006394884730432,0.16564944043348145,0.005585491586177123,0.7809666666666667,0.6952999999999999,0.6152666666666667,0.6608666666666667,0.13126666666666667,0.8713666666666667,0.8705666666666666,0.7654333333333333,0.7641,-0.0005333333333332746,0.8757,0.8667333333333334,0.8862,0.8910333333333332,0.013799999999999923,-0.13179999999999994,0.11746666666666676,-0.014333333333333198
1g69_A,0.32576976719236134,0.28042860208132175,0.2744206630189894,0.277867181632872,0.04878768372492224,0.5940886171011693,0.760554125093874,0.3695687158030254,0.4422004076815793,-0.09383381611415081,0.5370400171655402,0.4655884561742303,0.5732753996352322,0.577338804849265,0.07551496620534277,-0.14262149983907305,-0.026727282480420538,-0.1693487823194936,0.34400909912324584,0.2985489790680435,0.2925984239728387,0.29635653276085866,0.04921822884322228,0.5959488543421644,0.7525144740036835,0.3836096431486094,0.4500870450674362,-0.09008821774269232,0.5392460778740221,0.47167651723185605,0.5721884918338357,0.5753036732427613,0.0706847420510917,-0.1393064465859146,-0.02146651320786941,-0.160772959793784,0.3135666666666667,0.21630000000000002,0.21553333333333335,0.21763333333333335,0.09936666666666667,0.6477333333333334,0.8449666666666668,0.3699666666666667,0.4320333333333333,-0.13516666666666668,0.6544,0.5621333333333334,0.6718666666666667,0.7104666666666667,0.1308666666666667,-0.23453333333333334,-0.03150000000000001,-0.2660333333333334
4zyx_A,0.3909646514701024,0.2900396432111001,0.27571853320118933,0.2850346878097126,0.11024116286752557,0.7218368021143046,0.7986785596299967,0.3849025437727122,0.422398414271556,-0.03934588701684836,0.6666831846712918,0.556078625702015,0.5286257020151965,0.5420548397753552,0.12403369672943514,-0.14958704988437393,-0.013792533861909559,-0.1633795837462835,0.4152290847556001,0.3115781871519303,0.2934936892123672,0.30288626382170736,0.11304347221300999,0.7254538961682323,0.8006443298482013,0.40427511701268104,0.44350938678298074,-0.03595616390966927,0.6725252494484663,0.5803441409211041,0.5513922980491707,0.5645298738756551,0.10531868435384655,-0.14899963612267927,0.007724787859163455,-0.1412748482635158,0.3597666666666666,0.22056666666666666,0.2175,0.2577,0.1794,0.7393666666666666,0.8321666666666667,0.42,0.4642666666666666,-0.048533333333333366,0.7606,0.5368,0.5857666666666667,0.5734666666666667,0.21149999999999994,-0.2279333333333334,-0.03209999999999996,-0.26003333333333334
1pxr_A,0.29762740623720085,0.29182025627523256,0.2913521736586507,0.2901819671171962,0.004636943420513721,0.3631004622315839,0.366084488912293,0.28637879585746884,0.2983295301620736,0.008966707623895601,0.3346644432742379,0.2962670411327599,0.3587121877011292,0.36457784799017023,0.04426306243051901,0.004329764203381881,-0.03962611901000529,-0.03529635480662341,0.3139216713504429,0.30895676220087387,0.3090548818263395,0.30796460923220675,0.0038746365554362763,0.3742375309507386,0.3770974471094926,0.3046867558083634,0.3137283420993254,0.006181670132207939,0.347350613274058,0.3114984460600156,0.36786335366298833,0.3744715004947781,0.04246031404583217,0.002307033576771663,-0.038585677490395896,-0.03627864391362423,0.24889999999999998,0.26086666666666664,0.2661666666666667,0.2619,-0.01623333333333334,0.32726666666666665,0.33990000000000004,0.2887,0.24823333333333333,-0.05309999999999999,0.3597666666666666,0.2705666666666667,0.3789666666666667,0.38199999999999995,0.09223333333333335,-0.03686666666666665,-0.1084666666666667,-0.14533333333333334
5xrb_A,0.2918744597380145,0.2989560476095485,0.2804873994281534,0.2778276481149013,-0.009741339184786238,0.5844304807500499,0.4125440521311257,0.3662477558348294,0.3882904448434072,0.19392911762750184,0.3596150009974068,0.3463661147682691,0.3735288250548574,0.3731132389121617,0.012833300086441901,0.2036704568122881,-0.02257463927122814,0.18109581754105997,0.31269676463891083,0.3209372739153256,0.3015997478423523,0.2999408871739863,-0.0098993699447808,0.5768133773784134,0.4205115238869868,0.3756218648217189,0.398865587948692,0.17954557661839976,0.371910579873522,0.361059930969031,0.38703492495311304,0.38504346261231776,0.008859186563695628,0.18944494656318056,-0.018758556508476427,0.17068639005470412,0.2571333333333333,0.2614,0.2919,0.28243333333333337,-0.01373333333333332,0.607,0.41163333333333335,0.3768666666666667,0.37543333333333334,0.19393333333333337,0.31626666666666664,0.33413333333333334,0.38556666666666667,0.37893333333333334,-0.024500000000000022,0.2076666666666667,0.010766666666666702,0.2184333333333334
4f1j_A,0.3667999751984126,0.3214905753968254,0.3302951388888889,0.3234747023809524,0.03848896329365078,0.48428199404761907,0.5209108382936508,0.36514136904761907,0.37070622519841273,-0.031063988095238082,0.5420696924603174,0.5661582341269841,0.5536179315476191,0.5534009176587301,-0.024305555555555542,-0.06955295138888885,0.06279451884920632,-0.006758432539682539,0.3619159159804992,0.3189687794957294,0.32750957768709305,0.32088111858235197,0.03631867738002881,0.48547326585080713,0.5193435645590742,0.362527214477019,0.3690256069103481,-0.027371906274938,0.5386651058605522,0.5585883612232264,0.5482289507512147,0.549231538164989,-0.018920667948899867,-0.06369058365496681,0.05523934532892868,-0.008451238326038132,0.4719333333333333,0.4015666666666667,0.43106666666666665,0.4084666666666667,0.04776666666666666,0.6116333333333334,0.6528333333333333,0.4532,0.4727333333333334,-0.021666666666666612,0.6723333333333333,0.6746,0.6624,0.6607,-0.003966666666666711,-0.06943333333333328,0.051733333333333374,-0.0176999999999999
1dua_A,0.336751550269391,0.27014079495781235,0.2656678865507777,0.26850157568364336,0.06944444444444442,0.4977254244180136,0.5341821693605774,0.2848937684253329,0.3779099318898038,0.056559418521907066,0.4585239402256785,0.44197926197011284,0.42532021957913996,0.5021729185727356,0.09339737724916132,-0.012885025922537355,-0.023952932804716904,-0.03683795872725426,0.3503098285951993,0.28983581179272605,0.28777592631101,0.28913199035444925,0.06183008084591254,0.4995365131814227,0.5350949640853022,0.303232461684751,0.38639967968445665,0.04760876709582614,0.4597203061087407,0.4393305215787821,0.42687557419032957,0.4929559329058814,0.08647014324551039,-0.014221313750086395,-0.024640062399597856,-0.03886137614968425,0.3451666666666667,0.28423333333333334,0.2668333333333333,0.2655666666666667,0.059666666666666666,0.5451,0.6,0.2880333333333333,0.40619999999999995,0.06326666666666668,0.5474,0.4538,0.5067666666666667,0.5743,0.16113333333333335,0.0036000000000000107,-0.10146666666666669,-0.09786666666666667
2ocg_A,0.5002400845097474,0.33937145875348124,0.41181695956976855,0.4105445116681072,0.15959617785460484,0.682896379525593,0.7139152981849611,0.4662321137040238,0.4963627196773264,-0.0008883126860654844,0.5666714683568616,0.6358398156150965,0.6059252857005667,0.6041246518774609,-0.07096898108134068,-0.16048449054067032,0.2305651589359455,0.0700806683952752,0.5110631871375529,0.3548919380707342,0.4194051764544648,0.4182468189830269,0.15501289159538092,0.6860961364719506,0.71148113869077,0.47346191798200027,0.5052650441529053,0.006418123952085593,0.5769880981320914,0.6396825247062337,0.6191968701885013,0.6165146198752892,-0.06537667688735445,-0.14859476764329532,0.22038956848273536,0.07179480083944005,0.5955666666666667,0.35636666666666666,0.4751666666666667,0.46963333333333335,0.2336666666666666,0.805,0.8223333333333334,0.5122,0.5597666666666666,0.030233333333333334,0.7168333333333333,0.7869333333333334,0.8144,0.8020666666666667,-0.08243333333333336,-0.20343333333333327,0.3161,0.11266666666666669
3voa_A,0.4920359190492463,0.350229714849831,0.3449234916657174,0.33624748452747083,0.13313019706116866,0.6160059991646732,0.5974104871473592,0.4490545620230095,0.4282283479515511,-0.0022307020541443476,0.47288985078027107,0.5207502752781258,0.5189182518889774,0.5264077153814026,-0.040370961005429605,-0.135360899115313,0.17350115806659824,0.038140258951285255,0.4866251725769517,0.3558605345278103,0.3503983264089546,0.34332327340830165,0.12368958504848848,0.6070822111611539,0.587874700320425,0.44852913852176607,0.42976928406754356,0.00044765638650632694,0.471042022369984,0.5175431558167133,0.5134946371341075,0.5197067479947793,-0.04028902258605745,-0.12324192866198215,0.16397860763454594,0.04073667897256378,0.5107333333333334,0.37866666666666665,0.36756666666666665,0.3612333333333333,0.12573333333333334,0.6824,0.6143000000000001,0.4987333333333333,0.44953333333333334,0.01890000000000001,0.5146333333333333,0.5528333333333334,0.5294,0.5427666666666667,-0.024833333333333357,-0.10683333333333332,0.15056666666666668,0.04373333333333337
1c91_A,0.46904153211338356,0.43634508432005736,0.42206001076426264,0.4262872264083244,0.036923663437387864,0.5152157337639038,0.5109885181198421,0.4015069967707212,0.45458826695371374,0.05730848582705413,0.5195887154646573,0.515484840330104,0.49984302116971663,0.4969949766774309,0.0012558306422676597,0.02038482238966627,0.0356678327951202,0.05605265518478647,0.4693319114330316,0.43576672861269006,0.422742324093869,0.4264310750777986,0.037253933804271,0.5091634215603015,0.5044580350364479,0.4030799853931011,0.4530888189222458,0.05471422005299823,0.5110326287527033,0.5074207921409372,0.4916434372286366,0.4896422836485555,0.0016106830316850636,0.017460286248727235,0.035643250772585934,0.05310353702131317,0.5882000000000001,0.5758,0.5641666666666666,0.5657666666666666,0.013999999999999976,0.6212333333333334,0.6033333333333334,0.5173,0.5941666666666667,0.09476666666666667,0.6666,0.6684333333333333,0.6378333333333334,0.635,-0.0046666666666666705,0.0807666666666667,0.018666666666666647,0.09943333333333333
3f99_A,0.47495625546806647,0.41295931758530185,0.39321959755030617,0.3892060367454069,0.05798337707786527,0.5139107611548557,0.4962817147856518,0.4429133858267716,0.45062335958005245,0.02533902012248468,0.4453193350831146,0.43896544181977254,0.4047681539807524,0.4415463692038495,0.043132108486439204,-0.03264435695538059,0.014851268591426067,-0.01779308836395453,0.49257418391447655,0.43686378469639875,0.4193123316316549,0.4146816559157109,0.051079723502133766,0.5274700232156335,0.5148489284268392,0.46195224672380747,0.4703881775036853,0.021057025568672245,0.4599118925245364,0.45276893087088615,0.4194761985746745,0.45115943992090896,0.03882620299988474,-0.030022697933461517,0.012253520502249019,-0.017769177431212497,0.5550333333333334,0.4995,0.4721666666666667,0.4657,0.0490666666666667,0.6142,0.5758333333333333,0.5141,0.5295666666666666,0.05383333333333338,0.5111,0.5246666666666667,0.4576,0.5225000000000001,0.05133333333333338,0.004766666666666679,-0.002266666666666676,0.0025000000000000022
3ah4_A,0.23720525187566988,0.2306962307967131,0.22157466952483032,0.23105350125044657,0.015987852804573054,0.27445069667738475,0.28107136477313327,0.2494529296177206,0.24454046087888534,-0.011533136834583771,0.2788607538406574,0.2828242229367631,0.27689576634512325,0.29154385494819585,0.010684619506966789,-0.027520989639156824,0.0053032332976062635,-0.02221775634155056,0.24124661331324018,0.23513197152307855,0.227273527378573,0.2366109862810636,0.015452100692652265,0.2794677073782608,0.2854917381205806,0.2540860014673958,0.24926769219816003,-0.010842340011555512,0.28252677022596867,0.28643499629193175,0.2805519770056449,0.2942649767707019,0.009804773699093902,-0.026294440704207778,0.005647326993558364,-0.020647113710649413,0.20283333333333334,0.18489999999999998,0.18316666666666667,0.18676666666666666,0.02153333333333334,0.19033333333333333,0.19369999999999998,0.18716666666666668,0.1818,-0.008733333333333324,0.21206666666666665,0.20550000000000002,0.18296666666666664,0.19646666666666668,0.020066666666666677,-0.030266666666666664,0.0014666666666666623,-0.028800000000000003
7bwv_A,0.4140640869388584,0.42800375787121675,0.40892240503757876,0.4095825716026813,-0.013279504367255742,0.49517570587040427,0.48355931342677233,0.4103950842981921,0.44393662400975015,0.04515793215518995,0.49108775137111516,0.5134826325411335,0.5122003859435303,0.5041641275644931,-0.030431139549055502,0.058437436522445686,0.017151635181799758,0.07558907170424545,0.40976734458428216,0.42535168018098174,0.4079436880183107,0.40896541747932097,-0.01456260613568929,0.48032865618712206,0.4673467109796105,0.4059131709477322,0.4390826033298764,0.04615137758965573,0.47903900769092217,0.49961832497599246,0.49741096035520876,0.4906402197154922,-0.02735005792478686,0.06071398372534501,0.01278745178909757,0.07350143551444259,0.38726666666666665,0.4272,0.41263333333333324,0.4163333333333333,-0.036233333333333305,0.4479,0.4411,0.40863333333333335,0.42440000000000005,0.022566666666666662,0.41763333333333336,0.4459666666666666,0.43376666666666663,0.4301,-0.03200000000000001,0.05879999999999996,-0.004233333333333293,0.05456666666666667
4q3c_A,0.2400009649249771,0.2446929126260433,0.23897573213682635,0.23690114343609783,-0.006766536401794763,0.5160177546195783,0.5185506826844213,0.31173107540888695,0.3371447869928113,0.022880783519081377,0.3239253148067738,0.3075215901963622,0.3083538379890964,0.3487480098422348,0.05679789646354997,0.02964731992087614,-0.06356443286534473,-0.03391711294446859,0.26061457558911544,0.26275704566164854,0.2574765152096293,0.25629798711209206,-0.0033209981700702738,0.5192097570047949,0.5263618939973077,0.32613208794352544,0.3506574198228504,0.017373194886812205,0.3421247706905235,0.3222155911771171,0.3303338792661434,0.3676595738406645,0.057234874087927635,0.02069419305688248,-0.06055587225799791,-0.039861679201115434,0.21436666666666668,0.24196666666666666,0.2214333333333333,0.22319999999999998,-0.025833333333333337,0.5621,0.5409333333333334,0.3320666666666667,0.35263333333333335,0.04173333333333332,0.32513333333333333,0.33390000000000003,0.3063666666666667,0.3660666666666667,0.050933333333333324,0.06756666666666665,-0.07676666666666666,-0.009200000000000005
2vi0_A,0.38750616619579353,0.27282613570115255,0.2895533431992466,0.277523655769317,0.1026503430647114,0.586707924122158,0.5376922731961075,0.35811022915825824,0.38456881474505583,0.07547423651284813,0.4857392708193193,0.3985380510336786,0.5574353110004933,0.5526144670164581,0.08238037580160545,-0.027176106551863272,0.020269967263105943,-0.006906139288757329,0.39807365488156715,0.2826759701406619,0.2985688067515377,0.28693133999973325,0.1037602179891008,0.5817042414112338,0.5356519694109779,0.3630085510866314,0.388107992671686,0.07115171358531047,0.4822424336453377,0.4026607539498322,0.5508305797824805,0.545556158791786,0.07430725870481099,-0.03260850440379034,0.029452959284289815,-0.003155545119500521,0.40726666666666667,0.31023333333333336,0.30846666666666667,0.297,0.08556666666666664,0.6938,0.6395666666666667,0.4227,0.4408,0.07233333333333335,0.5998333333333333,0.433,0.7066333333333334,0.707,0.1672,-0.0132333333333333,-0.08163333333333334,-0.09486666666666664
4n13_A,0.29749814873585106,0.2639505976938538,0.2581587855707183,0.258343911985613,0.03373267745689201,0.4368454458901936,0.4603565005818259,0.29078070453824184,0.2933195810853697,-0.020972178144504378,0.28648312704961393,0.293134454670475,0.2888104305511478,0.30113456045699777,0.005672802284988898,-0.054704855601396395,0.028059875171903115,-0.026644980429493276,0.31257729809064055,0.27976570684443985,0.2700971163788412,0.2704439160127859,0.03315839088014536,0.45072416613415833,0.4740061800006623,0.30550874443426607,0.30852581142361246,-0.02026494687715763,0.3037308923078908,0.30810104143623673,0.3031943929504029,0.31749512822703924,0.009930586148290418,-0.05342333775730299,0.023227804731854946,-0.030195533025448047,0.24250000000000002,0.2263666666666667,0.2252333333333333,0.22366666666666668,0.014566666666666664,0.35359999999999997,0.3746666666666667,0.25156666666666666,0.25479999999999997,-0.017833333333333357,0.2242333333333333,0.24373333333333336,0.23786666666666667,0.2409666666666667,-0.016400000000000015,-0.03240000000000002,0.03096666666666668,-0.001433333333333342
2c6z_A,0.26036314934352084,0.2580797435559654,0.2555218899574057,0.2465529354937865,-0.006685548676063774,0.30212312826592896,0.35427919026917837,0.2417775435823124,0.2554011329205638,-0.03853247266499801,0.32252008957976547,0.2732841522856014,0.27645676898081056,0.3266697404821499,0.09944890879550344,-0.03184692398893424,-0.1061344574715672,-0.13798138146050146,0.27480920318898533,0.2733510149907074,0.2706802463589058,0.26137101917377625,-0.007851038986851596,0.3182105669032629,0.37274628449371267,0.2575698480045435,0.269066605455838,-0.04303896013915537,0.338589437152151,0.28788883993463393,0.29257341305185963,0.34564146560232717,0.10376864976798462,-0.03518792115230377,-0.11161968875483623,-0.14680760990714,0.24226666666666666,0.22766666666666668,0.22163333333333335,0.2147333333333333,0.007699999999999985,0.2924666666666667,0.3501666666666667,0.2299,0.22546666666666668,-0.06213333333333332,0.30269999999999997,0.26256666666666667,0.22616666666666665,0.34719999999999995,0.16116666666666665,-0.0698333333333333,-0.15346666666666667,-0.22329999999999997
5byl_A,0.3613026819923371,0.34238505747126435,0.33469827586206896,0.3411278735632184,0.025347222222222226,0.4140565134099617,0.3503831417624521,0.36678639846743294,0.35579501915708817,0.05268199233716477,0.38755986590038316,0.4033405172413793,0.3377634099616858,0.3610751915708812,0.007531130268199238,0.027334770114942546,0.017816091954022988,0.045150862068965535,0.38724542209452323,0.3694197960445491,0.3603754859419455,0.3677140084873754,0.02516414859540402,0.4380779480243408,0.37362507582501786,0.39152470659325883,0.3820521611991641,0.05498032680522824,0.4114291443107609,0.4266777405755992,0.36332759657720076,0.38674942147088537,0.008173228628846266,0.029816178209824223,0.016990919966557754,0.04680709817638198,0.2761,0.26256666666666667,0.2727,0.2606,0.0014333333333333513,0.3438666666666667,0.24183333333333334,0.31103333333333333,0.27753333333333335,0.06853333333333335,0.3392,0.3655333333333333,0.26913333333333334,0.29373333333333335,-0.001733333333333346,0.06709999999999999,0.0031666666666666974,0.07026666666666669
2cex_A,0.28771875,0.2961354166666667,0.29389583333333336,0.2919375,-0.010375000000000004,0.32133333333333336,0.3230625,0.30802083333333335,0.31273958333333335,0.002989583333333342,0.3542708333333333,0.30682291666666667,0.3135625,0.3027916666666666,0.036677083333333305,0.013364583333333346,-0.04705208333333331,-0.03368749999999996,0.3114782732379477,0.32055545243311784,0.3184122864837389,0.31629197384506597,-0.011197491833843257,0.34516620289729955,0.3436120738567247,0.32996090890560303,0.3360405051734792,0.007633725308451023,0.3799093923899944,0.3314849092112873,0.33817194777677884,0.3266063414158227,0.03685887681775094,0.01883121714229428,-0.048056368651594204,-0.029225151509299923,0.2437,0.2437666666666667,0.25716666666666665,0.2524666666666667,-0.004766666666666669,0.2306666666666667,0.2418,0.2396,0.24866666666666667,-0.002066666666666661,0.2951333333333333,0.23276666666666665,0.23583333333333334,0.2300333333333333,0.05656666666666668,0.002700000000000008,-0.06133333333333335,-0.05863333333333334
3ea3_A,0.23643529267994623,0.2021772780968675,0.19796122041631023,0.19823618069982482,0.03453297486659334,0.25711841622876697,0.33768177929854576,0.21192309259032957,0.22386858935190843,-0.0686178663081999,0.3036681738563689,0.23645566010835473,0.28521528371827776,0.29290398794248235,0.07490121797221881,-0.10315084117479323,-0.04036824310562548,-0.1435190842804187,0.24867377386593403,0.21571438012318836,0.21131101804843752,0.2116378035044255,0.03328617919873359,0.26361739594498906,0.3386917306648898,0.22372485773887427,0.23496337253809826,-0.06383581992067673,0.3057650335213435,0.2439455853936283,0.2897272829573634,0.2978124824265897,0.06990464759694147,-0.09712199911941033,-0.03661846839820788,-0.13374046751761817,0.24903333333333333,0.1786,0.17656666666666668,0.18133333333333332,0.07519999999999999,0.27753333333333335,0.4344333333333333,0.19756666666666667,0.2107,-0.14376666666666668,0.40573333333333333,0.2722333333333333,0.32516666666666666,0.36413333333333336,0.17246666666666668,-0.21896666666666667,-0.09726666666666668,-0.3162333333333333
2iry_A,0.32710740840275915,0.33780121831049,0.33781241601719963,0.3385514646600376,-0.009954761264892956,0.403386186509003,0.38698154617934244,0.3536795664247962,0.34359043267938727,0.006315506584251525,0.3257412881841799,0.3270962106960495,0.32500223954134194,0.32990683508017554,0.003549673026964073,0.016270267849144482,-0.013504434291857029,0.0027658335572874524,0.34719139857087095,0.35816281661679,0.358071102077913,0.3589048437871838,-0.010137676336648194,0.418065039938263,0.40150997152940954,0.37149479990928785,0.36154224142080543,0.006602509920371018,0.3428976122019443,0.34527781270848434,0.3424878787531091,0.3472360803642404,0.002368001104591233,0.016740186257019212,-0.012505677441239427,0.0042345088157797845,0.30266666666666664,0.29286666666666666,0.29259999999999997,0.2928,0.00999999999999999,0.39553333333333335,0.37533333333333335,0.3181333333333333,0.32006666666666667,0.022133333333333338,0.2965,0.31106666666666666,0.3101333333333333,0.3221333333333333,-0.0025666666666666984,0.012133333333333348,0.01256666666666669,0.024700000000000038
5dxn_A,0.2588614665854154,0.2517646760105627,0.2616798699979687,0.26056266504164133,0.005979585618525278,0.3773359739995938,0.33329524680073125,0.2624035141174081,0.27108724355068053,0.052724456632134875,0.33559313426772297,0.3646531586431038,0.34639701401584394,0.33329524680073125,-0.04216179159049358,0.0467448710136096,0.048141377209018864,0.09488624822262846,0.27074473962009543,0.26390103954715416,0.27341267122647145,0.27214985400763747,0.00558088285410735,0.3856221641437285,0.3419202315236188,0.2756375800554622,0.28383337554175886,0.05189772810640638,0.34606177976716507,0.37493618797650624,0.36003519391403666,0.3517043568640803,-0.037205245259297415,0.04631684525229903,0.042786128113404764,0.08910297336570379,0.2122666666666667,0.20543333333333336,0.2231,0.22253333333333333,0.00626666666666667,0.3115,0.27013333333333334,0.22256666666666666,0.21603333333333333,0.03483333333333333,0.23509999999999998,0.2777,0.2688333333333333,0.2511333333333334,-0.06030000000000001,0.028566666666666657,0.06656666666666668,0.09513333333333333
4jpx_A,0.2553287017344865,0.2531901318587835,0.2595113190604471,0.2573491185783827,-2.363060636134673e-05,0.26596247459709815,0.27223640058603904,0.25206767805661895,0.25640389432392835,-0.0019377097216314587,0.2436315515856137,0.25222127699796776,0.25144146698804287,0.24643177843943476,-0.013599413960962212,-0.001914079115270112,0.013575783354600865,0.011661704239330753,0.27033873671471736,0.2674929078334234,0.2733331427536832,0.27129135899974316,0.0008040451273538066,0.2829978680530114,0.28864138423719093,0.2669886595705235,0.2706246907238519,-0.002007485030851186,0.26008638625614916,0.26913898633369,0.26918079117917704,0.2653277549750664,-0.012905636281651553,-0.0028115301582049925,0.013709681409005359,0.010898151250800367,0.22403333333333333,0.21263333333333334,0.2298,0.221,0.002599999999999991,0.25233333333333335,0.27163333333333334,0.2186,0.2202666666666667,-0.017633333333333334,0.22346666666666667,0.24133333333333332,0.24609999999999999,0.20573333333333332,-0.058233333333333324,-0.020233333333333325,0.060833333333333316,0.04059999999999999
7k27_A,0.4280670257330939,0.3928635547576302,0.370197486535009,0.36959904248952724,0.034605026929982054,0.5434320766008378,0.5402603231597846,0.44563135846798324,0.4327498503889886,-0.009709754637941381,0.46380909634949136,0.3819120287253142,0.43514362657091565,0.4768551765409934,0.12360861759425495,-0.044314781567923435,-0.0890035906642729,-0.13331837223219634,0.4376887604920629,0.4025160866624651,0.3783355866938442,0.3777346583821859,0.03457174551793951,0.5485910468155352,0.544485871542418,0.4510373997797914,0.4406931418009794,-0.00623908270569475,0.4762449642033429,0.39204076572967245,0.44629059441429475,0.4889094133096652,0.12682301736904103,-0.040810828223634264,-0.0922512718511015,-0.13306210007473576,0.2904,0.2624666666666666,0.23173333333333335,0.23243333333333335,0.028633333333333327,0.33126666666666665,0.3390333333333333,0.27573333333333333,0.28153333333333336,-0.0019666666666666535,0.3188666666666667,0.2736,0.28173333333333334,0.3433,0.10683333333333334,-0.030599999999999978,-0.07820000000000002,-0.10880000000000001
2bod_A,0.4632006846384253,0.46232349165596914,0.4612216516902011,0.46271929824561403,0.0023748395378690446,0.46112537441163887,0.4784231921266581,0.46486949080017115,0.4667522464698331,-0.015415062045357272,0.47201540436456996,0.4711168164313222,0.46968335472828415,0.47305305947796317,0.004268292682926851,-0.017789901583226315,-0.001893453145057807,-0.019683354728284124,0.4773380348047156,0.47842318229915964,0.47672472522173476,0.4784236390389472,0.0006137663227683277,0.47586124104553545,0.49048679392609157,0.47949684468490544,0.4808515071969961,-0.013270890368465479,0.4865700730568789,0.4825751343461691,0.4837533057548196,0.4871556947565397,0.007397327712429884,-0.013884656691233807,-0.006783561389661556,-0.020668218080895362,0.5137333333333334,0.5142000000000001,0.5186666666666667,0.5196666666666667,0.0005333333333333486,0.5400666666666666,0.5483333333333333,0.5266000000000001,0.5298333333333334,-0.005033333333333371,0.5579666666666666,0.5539333333333334,0.5473333333333333,0.5608666666666666,0.01756666666666662,-0.00556666666666672,-0.017033333333333272,-0.02259999999999999
5trq_A,0.235740122426266,0.2300593581895752,0.2293289742162864,0.22675524021517343,0.003107030235577818,0.35075820812465225,0.39710860693748845,0.24802912261176036,0.23642413281394917,-0.05795538861064739,0.27429975885735486,0.2453974216286403,0.26228900018549434,0.2611876275273604,0.027800964570580584,-0.06106241884622521,-0.024693934335002766,-0.08575635318122798,0.2537156784127395,0.2470148705529546,0.24783186948837177,0.24504538546919966,0.003914323840612827,0.3730375956927994,0.41392874166653676,0.26613514962971463,0.2554445021292169,-0.05158179347423511,0.29523297474715965,0.26518358932267055,0.281674030314429,0.27989310005009976,0.02826845516015991,-0.05549611731484794,-0.024354131319547084,-0.07985024863439502,0.21820000000000003,0.1937,0.19583333333333333,0.20076666666666668,0.02943333333333334,0.4507666666666667,0.5357,0.2584666666666667,0.2066,-0.13679999999999998,0.32526666666666665,0.22683333333333333,0.27896666666666664,0.2687,0.08816666666666667,-0.16623333333333332,-0.05873333333333333,-0.22496666666666665
3wib_A,0.27939747327502434,0.2654011915325136,0.25409853382346725,0.25495415557527357,0.014851903494316995,0.38130096759200577,0.3633751637300883,0.2630033379811552,0.27593273334178386,0.030855199222546186,0.2931191109984366,0.27482359403388684,0.2812249123251785,0.27816157518908186,0.015232179828453115,0.01600329572822919,-0.0003802763341361204,0.01562301939409307,0.2891766003770362,0.279588855949596,0.2664323794966854,0.2674481450564596,0.010603509987214396,0.3855524695652663,0.3667482164765525,0.2740854361917876,0.2859174395984903,0.03063625649541646,0.3067692933432219,0.28924200835717473,0.29644106529366304,0.29416302003232453,0.015249239724708616,0.020032746508202064,-0.00464572973749422,0.015387016770707843,0.26,0.23013333333333333,0.23686666666666667,0.23603333333333332,0.029033333333333338,0.4454,0.40526666666666666,0.25076666666666664,0.24416666666666667,0.033533333333333325,0.2680666666666667,0.25666666666666665,0.24653333333333335,0.24306666666666668,0.007933333333333339,0.004499999999999986,0.021099999999999997,0.025599999999999984
4i6k_A,0.5566554731589011,0.46360943985821557,0.45090014458280864,0.45303390700060636,0.09517979571848323,0.6684506319667927,0.6786064082831958,0.5166503428011753,0.5335338836807985,0.006727764563220033,0.5730726178816287,0.5532274614057181,0.6089151625390606,0.6067930600251854,0.017723053962035367,-0.08845203115526319,0.07745674175644786,-0.010995289398815333,0.566222608855152,0.48399511964423686,0.4725193227279128,0.4748168793669252,0.08452504584992754,0.6682619365123745,0.6759553345414423,0.5311819495082116,0.5454620342216444,0.006586686684364851,0.5801425297780732,0.5625541703679645,0.6147776651681448,0.608715423632986,0.011526117874949912,-0.07793835916556269,0.07299892797497763,-0.00493943119058506,0.6293333333333333,0.5425333333333332,0.5249666666666667,0.5281333333333333,0.08996666666666671,0.7475999999999999,0.7525333333333334,0.5966,0.6153666666666667,0.0138333333333334,0.6386333333333333,0.6155333333333334,0.6943333333333334,0.6983666666666667,0.02713333333333338,-0.07613333333333332,0.06283333333333334,-0.013299999999999979
2ioy_A,0.3849682048637965,0.2699471513276617,0.2714080089370112,0.2714080089370112,0.11502105353613473,0.7447258743662456,0.7580669416516285,0.42429320271547644,0.3590379822978431,-0.07859628770301623,0.5704863796511128,0.3719386439804073,0.44821474606857437,0.44601271805448145,0.19634570765661255,-0.19361734123915095,-0.08132465412047783,-0.27494199535962877,0.40222063888452714,0.28841759863606337,0.289852896560353,0.2898651566529662,0.11381530034107697,0.750624609896009,0.7631035699846388,0.4404093584524606,0.37622200292168345,-0.07666631561940691,0.5816313087990044,0.38605526496467374,0.4660820846319045,0.46398931722684117,0.1934832764292674,-0.19048161596048388,-0.07966797608819044,-0.27014959204867434,0.3133333333333333,0.2019,0.20306666666666665,0.20333333333333334,0.11169999999999998,0.5942999999999999,0.6135333333333334,0.3159666666666667,0.29843333333333333,-0.03676666666666668,0.4515666666666666,0.27420000000000005,0.33420000000000005,0.33686666666666665,0.1800333333333333,-0.14846666666666666,-0.06833333333333332,-0.2168
6ap7_A,0.30188701195960727,0.26382102471031693,0.2648680720368561,0.26443761924705667,0.037635534459490916,0.5264437619247057,0.4890176369305226,0.28993903857787706,0.28922937316766717,0.03671645958397318,0.31770906044953234,0.3060519335473963,0.29240541672483594,0.2918237237656476,0.011075433942947596,-0.0009190748755177336,0.02656010051654332,0.025641025641025588,0.3164212569601748,0.2744542081188197,0.27465025765228085,0.27425073513582104,0.04156752632489533,0.5315523946052852,0.49886972989570527,0.3033646625829289,0.3009472420357475,0.030265244162398525,0.33217706842210226,0.31848536772503583,0.3041015057095698,0.30382329079061654,0.013413485778113188,-0.01130228216249681,0.02815404054678215,0.016851758384285338,0.3015666666666667,0.23539999999999997,0.23309999999999997,0.2388,0.07186666666666668,0.5477666666666666,0.5453,0.2713,0.2536,-0.015233333333333302,0.2885666666666667,0.30466666666666664,0.2595,0.25206666666666666,-0.023533333333333333,-0.0871,0.0954,0.00830000000000003
6w2p_B,0.27689178569777656,0.23064299912171218,0.23227245412101882,0.22701428373318544,0.04099061618823094,0.4748185642305736,0.46442934405768965,0.27885637683169234,0.30290528359450836,0.034438126935700086,0.37045254934590677,0.41202098645587765,0.36762122682938103,0.364639670873203,-0.04454999306614893,-0.006552489252530852,0.08554060925437985,0.07898812000184902,0.28372412619883525,0.23832802388010213,0.2416190406432076,0.23705426901013016,0.04083133068565568,0.46542115373096155,0.4539309172568791,0.2856494275707261,0.3048363890994063,0.03067719800276253,0.37340463350161285,0.4095847696682861,0.3689926227101963,0.3651280630847973,-0.04004469579207228,-0.01015413268289315,0.08087602647772796,0.0707218937948348,0.3271,0.24076666666666666,0.22153333333333333,0.21803333333333333,0.08283333333333334,0.5675666666666667,0.5887,0.3333,0.35453333333333337,0.00010000000000000749,0.4707333333333334,0.5338333333333334,0.4592666666666667,0.4497333333333333,-0.07263333333333334,-0.08273333333333334,0.15546666666666667,0.07273333333333336
4jin_A,0.40702884717361326,0.35630766783328033,0.34794251776434404,0.3471603563474388,0.04993901792342772,0.5185597624350408,0.45007423904974014,0.36622388376285925,0.39223406511825215,0.09449570474069362,0.4568087814190264,0.4506973167886308,0.44010499522748964,0.4411788100540884,0.007185279456994394,0.0445566868172659,0.04275373846643332,0.08731042528369921,0.4239068686148682,0.37491687449790967,0.3670294428290987,0.3654412453504372,0.0474017966382971,0.5264165829380895,0.46548683871537094,0.3823931630792659,0.41009184848434993,0.0886284296278025,0.4731959525636223,0.46852018975129894,0.45655274074543134,0.4593993847187881,0.007522406785680095,0.04122663298950541,0.039879389852617,0.08110602284212241,0.3701666666666667,0.3549333333333333,0.3528,0.34623333333333334,0.008666666666666692,0.4643333333333333,0.3492333333333333,0.3667,0.38276666666666664,0.13116666666666668,0.37200000000000005,0.3628,0.3680333333333334,0.3767333333333333,0.01789999999999997,0.12249999999999998,-0.00923333333333328,0.1132666666666667
3ita_A,0.26076224328593994,0.2575757575757576,0.2554304897314376,0.25420975154387476,0.001965747522619521,0.31551594140456696,0.30091196323423813,0.26437060175211835,0.2611302599454258,0.011363636363636354,0.29054466465603906,0.2859579204365934,0.30749138302455836,0.2949698405859544,-0.007934798219158415,0.009397888841016833,0.009900545741777936,0.01929843458279477,0.2885437348563376,0.2849372667122099,0.2823594649834038,0.28082812930556383,0.0020751324662876547,0.3334983322824066,0.32369718781954715,0.28856508496245176,0.2841234490519556,0.005359508552363279,0.31593518731126524,0.3100105130021054,0.32776560129084814,0.3164520392568393,-0.005388887724849097,0.0032843760860756244,0.007464020191136751,0.010748396277212377,0.19576666666666667,0.2033666666666667,0.20203333333333337,0.2019,-0.007733333333333342,0.24689999999999998,0.23129999999999998,0.21196666666666666,0.2142666666666667,0.01789999999999999,0.19586666666666666,0.2003,0.2046,0.19256666666666666,-0.016466666666666657,0.02563333333333333,0.008733333333333315,0.03436666666666665
5obx_A,0.30535242738167784,0.24603900060938452,0.24928905139142798,0.2699658067573973,0.07999018213826257,0.5418359401448981,0.4194088970140159,0.321822736813596,0.30784921118559144,0.10845351750287763,0.35327374906899583,0.34178007989708176,0.3707596993703026,0.3767096621301375,0.017443631931748933,0.02846333536461505,0.06254655020651365,0.0910098855711287,0.3210525842562244,0.2650235689429578,0.2680558659082856,0.29042600482113207,0.07839915422611304,0.5400073989528614,0.4224775963172602,0.33785179539571736,0.3222142888955906,0.10189229613547451,0.3602006483371846,0.3527192248598136,0.37793316332787485,0.3826418737626696,0.01219013391216578,0.02349314190936147,0.06620902031394726,0.08970216222330873,0.2763333333333333,0.20846666666666666,0.2136,0.23086666666666666,0.08513333333333334,0.5697,0.40166666666666667,0.2955,0.2894,0.16193333333333335,0.3366,0.3127666666666667,0.35956666666666665,0.36086666666666667,0.02513333333333334,0.0768,0.06,0.13679999999999998
3fjl_A,0.3184387554891152,0.2945747298265284,0.2911956149366221,0.29128904668473016,0.02395745741069481,0.4535644211903205,0.5276713693979881,0.33866672895449873,0.34289451555638606,-0.06987916160578034,0.44808309196798407,0.4249665202902613,0.4463468186489769,0.4481064499050111,0.02487620293375688,-0.09383661901647515,-0.0009187455230620737,-0.09475536453953722,0.3305015308546413,0.3077594942064323,0.3045197245131525,0.3046569369624328,0.022879249097489396,0.4585722596555932,0.5201337312683423,0.3488454938037733,0.351798227769983,-0.05860873764653938,0.4432526985115069,0.42211199971632823,0.4469208746346534,0.44625389403116184,0.020473718191687102,-0.08148798674402878,0.0024055309058022925,-0.07908245583822648,0.4255,0.385,0.37720000000000004,0.3773333333333333,0.0406333333333333,0.5531333333333334,0.6502333333333333,0.42733333333333334,0.44176666666666664,-0.08266666666666662,0.5621,0.5327999999999999,0.5443333333333333,0.5362333333333332,0.02120000000000007,-0.12329999999999992,0.01943333333333323,-0.1038666666666667
1v79_A,0.3026642190910895,0.2611381226433816,0.26090659522392007,0.26256863134219754,0.043188132565985304,0.49589865714096715,0.5466279685122709,0.31356254547860024,0.32406396771846263,-0.04022788913144141,0.4522557385724681,0.4004349407951313,0.4669659985446848,0.4723159357015281,0.05717073493418009,-0.08341602169742672,-0.013982602368194782,-0.0973986240656215,0.3214968801398875,0.2795940418430785,0.2785888946525356,0.28039834609525544,0.04371228973952875,0.5098229706168286,0.5584907416951025,0.33233920744826406,0.34122679198788547,-0.039780186538652396,0.46914773638837204,0.4176114859627613,0.48407139070412847,0.48777215973639837,0.05523701945788071,-0.08349247627818114,-0.011524729718351964,-0.09501720599653311,0.36119999999999997,0.2657666666666667,0.27646666666666664,0.28036666666666665,0.09933333333333332,0.5983333333333333,0.6703333333333333,0.3571,0.36946666666666667,-0.05963333333333334,0.5461,0.47669999999999996,0.5845666666666667,0.583,0.06783333333333331,-0.15896666666666665,0.03149999999999999,-0.12746666666666664
7kk6_A,0.30393526278541366,0.30604909300852984,0.30955041531642274,0.3107051067158342,-0.0009591388237046861,0.26883823145975344,0.2747234327857861,0.30563936380228707,0.2971933549372369,-0.0143312101910828,0.31166424553953886,0.31159906134763654,0.2989812642008418,0.2952285171527545,-0.003687562856185045,-0.013372071367378113,0.002728424032480359,-0.010643647334897754,0.32601547819933935,0.32787486595106285,0.33106733791327025,0.33051228960393125,-0.002414436061062545,0.2930307357593291,0.3009071691717187,0.32837350583117275,0.3194457325252785,-0.016804206718283938,0.3362492902600764,0.33538328486548563,0.3228896231698979,0.3182150140868254,-0.0038086036884817562,-0.014389770657221393,0.001394167627419211,-0.012995603029802183,0.2683666666666667,0.26326666666666665,0.2765,0.2659666666666667,-0.005433333333333327,0.24516666666666667,0.24733333333333332,0.2765,0.2684333333333333,-0.010233333333333336,0.2759333333333333,0.27920000000000006,0.29746666666666666,0.2928,-0.007933333333333329,-0.004800000000000008,0.0025000000000000022,-0.0023000000000000056
3tgh_A,0.3425641608855529,0.3058398726259524,0.2981254027825164,0.30074111983016794,0.03934000530725198,0.5752208195913416,0.5650138367640927,0.37281549717578377,0.39899162212365896,0.03638310777512416,0.4460840062170666,0.4336214412980022,0.4235376625345919,0.41186170817695894,0.0007866105614314223,-0.002956897532127819,0.038553394745820556,0.035596497213692735,0.34087867919192044,0.30988538669125465,0.30228878117833063,0.3047556006557481,0.033460111978083185,0.5447843543000667,0.5364624650948175,0.3676299568183501,0.3913336853769865,0.03202561776388565,0.42724757953397613,0.4196995959776679,0.4099665151974328,0.40100054183231953,-0.0014179898088050313,-0.0014344942141975385,0.034878101786888216,0.03344360757269068,0.43036666666666673,0.3740666666666667,0.35966666666666663,0.36283333333333334,0.05946666666666667,0.6743666666666667,0.6668333333333334,0.4584,0.47336666666666666,0.022499999999999926,0.5554,0.5616333333333333,0.5375333333333333,0.5236,-0.02016666666666674,-0.03696666666666674,0.0796333333333334,0.042666666666666665
6xqx_A,0.22643617950061112,0.2042343286188231,0.19507595599790464,0.20054129561725162,0.027667190501134975,0.26604679587916885,0.2882399161864851,0.2321110529072813,0.24150515103893835,-0.012799022175659156,0.27058669460450496,0.2538152610441767,0.28649380129212504,0.27404400209533786,0.004321634363541105,-0.04046621267679413,0.02334555613759387,-0.017120656539200262,0.23363312166003114,0.21533769149075008,0.20827244939785214,0.21325516136255152,0.02327814213398044,0.27105749362298837,0.28849693122385145,0.24015672153005826,0.24916496196575913,-0.00843119716516219,0.27586131463355973,0.25968128606838786,0.2933384614368984,0.2798099786251748,0.0026515457534481888,-0.03170933929914263,0.020626596380532252,-0.01108274291861038,0.21766666666666667,0.208,0.21816666666666665,0.21403333333333333,0.005533333333333353,0.2514,0.2598,0.2641,0.24726666666666666,-0.02523333333333334,0.26520000000000005,0.2315,0.2411,0.25279999999999997,0.045399999999999996,-0.030766666666666692,-0.03986666666666664,-0.07063333333333334
6l1h_A,0.40730560866794135,0.4144459050350542,0.4133205863607394,0.4120160133843212,-0.008444869343530911,0.5910512268961122,0.533839228808158,0.4410253346080306,0.4712097673677502,0.08739643084767369,0.556763862332696,0.5530493148502231,0.5490758444869344,0.5659157903123008,0.020554493307839355,0.09584130019120461,-0.028999362651370264,0.06684193753983435,0.4093697028168452,0.4176764224585238,0.416314953873272,0.4148902647247708,-0.009731408790179715,0.5723601111235292,0.5224298159824264,0.4395457450648637,0.46747987888433196,0.07786442896057101,0.5381090853395053,0.5344857972425513,0.5329815281941134,0.5485178466298751,0.019159606532715683,0.08759583775075074,-0.028891015322895397,0.05870482242785533,0.3902333333333334,0.38703333333333334,0.3901666666666667,0.3894666666666667,0.0025000000000000022,0.5976333333333333,0.5380666666666667,0.42816666666666664,0.4623,0.0937,0.5524,0.5579999999999999,0.5621999999999999,0.5776,0.009800000000000067,0.0912,-0.007300000000000066,0.08389999999999993
7a16_A,0.2227469500196773,0.21996753246753245,0.2193116227207136,0.2182211727666273,0.0016889675980585144,0.2757854519218155,0.280188246097337,0.23172471467926012,0.22899449035812672,-0.007133018496654857,0.27727764659582843,0.25230388298570117,0.2664797323888233,0.2736209497573134,0.032114980978617334,-0.008821986094713371,-0.03042601338055882,-0.03924799947527219,0.24562630030431168,0.2432977506494588,0.24251931209438882,0.24112910320721329,0.0009383407676773944,0.2890767354920537,0.29518367824831876,0.2505938949209838,0.24893095025883993,-0.007769887418408884,0.28556464156113354,0.26724708640717526,0.27802862173417137,0.2875181817521772,0.027807115171964047,-0.008708228186086278,-0.026868774404286654,-0.035577002590372934,0.20610000000000003,0.1983,0.19933333333333333,0.19586666666666666,0.004333333333333328,0.2983,0.3293,0.22503333333333334,0.20526666666666663,-0.05076666666666668,0.2910666666666667,0.25656666666666667,0.27396666666666664,0.27396666666666664,0.03450000000000001,-0.05510000000000001,-0.030166666666666685,-0.0852666666666667
1zze_A,0.3168191056910569,0.33243096439585085,0.31384041211101765,0.311790370058873,-0.01766190075693863,0.5557190916736754,0.5102064059433697,0.33765243902439024,0.3599313148303897,0.06779156153630507,0.4518502943650126,0.4270307681525091,0.44905557891785813,0.4602694841603589,0.03603343145500417,0.0854534622932437,-0.0536953322119428,0.031758130081300906,0.32893313554208814,0.3448395359127141,0.32644444892130214,0.32505692321153723,-0.017293926080390914,0.5530649694183997,0.5106913167500923,0.3478793660359896,0.3688128318437529,0.06330711847607057,0.4534228568462089,0.42918917270124884,0.4557989394395974,0.4600780301094914,0.02851277481485409,0.08060104455646148,-0.045806700895245,0.034794343661216476,0.34443333333333337,0.37503333333333333,0.3397666666666666,0.3404666666666667,-0.029899999999999982,0.6386666666666666,0.5598666666666666,0.39223333333333327,0.3768,0.06336666666666668,0.5365333333333334,0.5139333333333334,0.5357,0.5626333333333333,0.04953333333333334,0.09326666666666666,-0.07943333333333331,0.013833333333333345
4pam_A,0.30579360289680146,0.27728827197746936,0.26591229128947896,0.2670086501709918,0.029601689800844894,0.43172399919533294,0.4310903238784953,0.3147052906859787,0.31058137195735264,-0.003490243411788385,0.34721384027358676,0.32096157714745527,0.3431703882518608,0.343995171997586,0.027077046871856764,-0.03309193321263328,0.00252464292898813,-0.03056729028364515,0.3193605183015907,0.29352262841725846,0.2829528437656695,0.2840263745209156,0.026911420639578316,0.44212642170654587,0.43914588022447965,0.3253574118455596,0.32274332796338573,0.0003664575998922707,0.3551176918136281,0.33169410863514576,0.3523367164803998,0.35379691201868635,0.024883778716768983,-0.026544963039686047,0.0020276419228093348,-0.02451732111687671,0.22686666666666666,0.1990333333333333,0.19920000000000002,0.2024,0.03103333333333334,0.3443333333333333,0.3219,0.26566666666666666,0.2451,0.0018666666666666738,0.31880000000000003,0.28176666666666667,0.2812666666666666,0.3188,0.07456666666666668,-0.029166666666666664,-0.04353333333333335,-0.07270000000000001
3m10_A,0.3334963413750634,0.33340578135188004,0.3332065493008766,0.33168514091139606,-0.0014308483662971623,0.33715496631167136,0.3588803158733609,0.3233173947692531,0.3299101644570021,-0.015132579873940474,0.31453307252046653,0.34061435919727595,0.33578750996160256,0.3040733898427878,-0.05779540679562414,-0.013701731507643311,0.05636455842932697,0.04266282692168366,0.35602969157608966,0.3547899320657348,0.35583384002083496,0.35448452799969576,-0.00010955251078424248,0.35850431950269473,0.3786672156754125,0.34350749814499437,0.35192989878112724,-0.011740495536584869,0.33478718700575016,0.36154146707334744,0.3562637322502679,0.3234440761270773,-0.0595739361907878,-0.011630943025800625,0.05946438368000356,0.04783344065420294,0.28140000000000004,0.30256666666666665,0.29329999999999995,0.32023333333333337,0.00576666666666666,0.30929999999999996,0.2694,0.28776666666666667,0.2822,0.034333333333333334,0.28253333333333336,0.27696666666666664,0.2745666666666666,0.2781,0.009100000000000025,0.028566666666666674,-0.003333333333333364,0.025233333333333312
1z2n_A,0.32097329888027565,0.30073212747631356,0.30030146425495263,0.30276701119724375,0.022706718346253207,0.30411283376399656,0.3190460809646856,0.29289405684754527,0.313964254952627,0.00613695090439272,0.312489233419466,0.27534453057708874,0.2810077519379845,0.29321705426356587,0.049354005167958646,-0.01656976744186049,-0.026647286821705436,-0.043217054263565924,0.33876402784379955,0.3190037946384157,0.3185190073163581,0.3211579992287827,0.022399225117808414,0.3199641011059376,0.3355806232479421,0.3098131369763573,0.33244482033670836,0.007015161218346555,0.32176789121845545,0.2899338109363383,0.2917326521446242,0.3022239706399404,0.042325398777433375,-0.01538406389946186,-0.019926173659624957,-0.03531023755908682,0.24476666666666666,0.22383333333333333,0.2423,0.24473333333333333,0.023366666666666674,0.2413,0.2497666666666667,0.23796666666666666,0.22546666666666668,-0.02096666666666666,0.23236666666666664,0.21789999999999998,0.20123333333333335,0.21820000000000003,0.031433333333333334,-0.044333333333333336,-0.008066666666666658,-0.052399999999999995
4lv8_A,0.2856099792392414,0.2786516063197157,0.2892343150709033,0.28838980963439953,0.006113867483021951,0.3391217143460361,0.347760301206939,0.30396037861993735,0.3085787677258172,-0.00402019775502301,0.32592631690066504,0.3386026953798515,0.3193550089728703,0.3321017629050987,7.03754530419672e-05,-0.010134065238044962,0.006043492029979984,-0.004090573208064978,0.2950891515395314,0.2892905243829722,0.30096315587232686,0.2997306521375404,0.004566123421772724,0.34300227510665593,0.352882982437815,0.31331657259098983,0.3172255854669453,-0.005971694455203606,0.33207390985994634,0.34324759806031463,0.32663818960233226,0.33930061506956916,0.0014887372668687116,-0.01053781787697633,0.0030773861549040125,-0.007460431722072318,0.23426666666666665,0.23486666666666667,0.238,0.2383666666666667,-0.00023333333333334463,0.3463333333333333,0.3673666666666667,0.2617333333333333,0.2758,-0.006966666666666667,0.3049,0.33163333333333334,0.3277666666666667,0.35013333333333335,-0.004366666666666685,-0.006733333333333323,0.00413333333333334,-0.002599999999999982
4ihm_A,0.2810436051815362,0.270935960591133,0.2613665389527458,0.268336070060208,0.01707717569786535,0.39315818281335524,0.3699416164933406,0.27753147235905856,0.2960408684546616,0.04172596241561758,0.42804232804232806,0.3880678708264915,0.39439883232986683,0.37905491698595145,0.024630541871921208,0.024648786717752235,-0.007553366174055859,0.017095420543696376,0.2933999375178186,0.28523627319419903,0.2763923607608603,0.283444045621298,0.015215349184057314,0.40009609635241056,0.3746043004880139,0.2902025163853042,0.3067194850725503,0.04200876455164276,0.4344976960925022,0.395142794962229,0.4012350425544386,0.39079226819950336,0.028912126775338016,0.02679341536758545,-0.013696777591280703,0.013096637776304746,0.4341333333333333,0.39220000000000005,0.37020000000000003,0.3846333333333333,0.05636666666666664,0.5331666666666667,0.4751,0.3983333333333334,0.43273333333333336,0.09246666666666668,0.5891000000000001,0.5618000000000001,0.5247999999999999,0.5253666666666666,0.027866666666666613,0.03610000000000004,0.028500000000000025,0.06460000000000006
1dvn_A,0.24749396695749026,0.24654260256172267,0.2469370707258214,0.2476022523358703,0.0016165460058164733,0.2755708186374606,0.250402202833983,0.2454056060887321,0.25072705896912323,0.03049006868386857,0.2638682631025308,0.26316440814306047,0.25211156487841097,0.24570725821421943,-0.005700451704721239,0.0288735226780521,0.007316997710537713,0.03619052038858981,0.2640826092657009,0.2622198442026992,0.2620841040155728,0.26278801142560354,0.002566672473032309,0.28915887961733117,0.26772082925977125,0.2616025250465663,0.2663735863778926,0.02620911168888625,0.2807233999030887,0.2800644391947017,0.27003283663001015,0.26398286133096316,-0.00539101459066003,0.023642439215853944,0.00795768706369234,0.03160012627954628,0.204,0.20020000000000002,0.20210000000000003,0.20220000000000002,0.003899999999999987,0.23566666666666666,0.22096666666666667,0.1985,0.2101333333333333,0.02633333333333333,0.23303333333333334,0.21816666666666665,0.2368333333333333,0.22266666666666668,0.0007000000000000062,0.022433333333333343,0.0031999999999999806,0.025633333333333324
6t8d_A,0.29022128634231037,0.2862407181646902,0.2928257416232591,0.2908862536480845,0.00204108020244557,0.3230448114078836,0.3243932173334811,0.29338911670176215,0.29685248808600245,0.0021149654586427222,0.3021906978462448,0.29874579777605376,0.3068454689866637,0.31125087738741736,0.007850308470944645,7.388525619715185e-05,-0.005809228268499074,-0.005735343012301923,0.3004913942178539,0.29562392105687646,0.3014802677652197,0.2996103262743714,0.002997531670129209,0.3361943148160785,0.33745794196699014,0.30258262428526245,0.3068364321274832,0.002990180691309056,0.31387939866633163,0.30995439400950703,0.31903308572343403,0.32435853116928715,0.009250450102677757,-7.35097882015312e-06,-0.006252918432548549,-0.006260269411368702,0.19649999999999998,0.1884333333333333,0.19646666666666668,0.19423333333333334,0.0058333333333333475,0.3277333333333334,0.33626666666666666,0.20103333333333331,0.23143333333333335,0.02186666666666669,0.2955666666666667,0.25816666666666666,0.34463333333333335,0.35906666666666665,0.05183333333333336,0.016033333333333344,-0.04600000000000001,-0.02996666666666667
1jcf_A,0.2647887820174048,0.29840925906352395,0.2897773315012508,0.28924003805094595,-0.034157770496423955,0.4334813092344009,0.4033312193918895,0.32533558820420677,0.34367403022936266,0.04848853186766725,0.44974985026248104,0.44113553887890644,0.46331430786033895,0.45522848183771975,0.0005284853609554552,0.0826463023640912,-0.03468625585737941,0.0479600465067118,0.2891534913706626,0.325768061879702,0.31728624158143065,0.31691853004983866,-0.0369822820406314,0.4648651051401081,0.4311099754745052,0.3539428719208464,0.37228263578241966,0.05209489352717608,0.480867420770994,0.47057130464567215,0.49224698434598774,0.4768340126864365,-0.005116855534229414,0.08907717556780748,-0.031865426506401985,0.05721174906140549,0.2211,0.29819999999999997,0.2878,0.27366666666666667,-0.09123333333333333,0.4150333333333333,0.4093,0.3297333333333333,0.3284333333333333,0.004433333333333307,0.4536,0.5218666666666666,0.5539000000000001,0.544,-0.07816666666666668,0.09566666666666664,-0.013066666666666652,0.08259999999999999
6ijn_A,0.45764898699306067,0.2501307668166126,0.2368012693098999,0.24512675663423647,0.21584370750078463,0.6055985633085749,0.6577134986225895,0.3314328555985633,0.38044425846497193,-0.0031035324476060833,0.5407033511176204,0.5019091955225442,0.5237298183213027,0.5358562611151795,0.05092059838895283,-0.21894723994839072,0.16492310911183175,-0.054024130836558916,0.4684698594943055,0.2737582849834194,0.25668214532023836,0.2667522504899194,0.20478167968056712,0.6068989601607634,0.6568695970566819,0.34824847409640275,0.39637092754232955,-0.0018481834499918988,0.5391644149014447,0.5030872217568726,0.5275614436195043,0.5383816881003552,0.04689743762542309,-0.20662986313055898,0.157884242055144,-0.04874562107541499,0.47093333333333326,0.20193333333333333,0.18639999999999998,0.21293333333333334,0.2955333333333333,0.6373,0.7035,0.2930333333333333,0.38656666666666667,0.02733333333333336,0.5604999999999999,0.5167333333333333,0.5623,0.5767000000000001,0.058166666666666623,-0.26819999999999994,0.2373666666666667,-0.030833333333333268
4fk9_A,0.4829724853405503,0.2512216208089009,0.26153961810254095,0.27237445496917756,0.24258570139828597,0.5849026462186138,0.544410614945121,0.3590061644865434,0.38024357239512857,0.061729439182077905,0.5060423244624869,0.5101770410464591,0.5554427905578109,0.5574161780183432,-0.0021613291234400442,-0.1808562622162081,0.244747030521726,0.06389076830551794,0.4871491709706503,0.27620399065682777,0.28383247497577985,0.29470577971865397,0.22181848505669666,0.5798459186350452,0.5461499111895035,0.3729675662246401,0.39493803745947137,0.05566647868037298,0.5126993937939894,0.5140536469088713,0.5550358208997771,0.5560448506454517,-0.00034522336920729996,-0.16615200637632366,0.22216370842590394,0.05601170204958028,0.5919333333333333,0.32066666666666666,0.35236666666666666,0.3537666666666666,0.2726666666666666,0.6790333333333334,0.6398,0.45426666666666665,0.47823333333333334,0.06320000000000003,0.6346333333333333,0.6363666666666666,0.6760333333333334,0.6735666666666665,-0.004200000000000055,-0.2094666666666666,0.27686666666666665,0.06740000000000008
1woo_A,0.2895501204739743,0.25552034854936134,0.2609004191834175,0.2606528699211143,0.0337822226623098,0.3403554807406674,0.34532296927088496,0.2634254216589101,0.28108393570320495,0.012691025514077303,0.31890946298313366,0.2935604185232861,0.33438954351916034,0.3299996699343169,0.020959170875004113,-0.021091197148232498,0.012823051787305686,-0.008268145360926812,0.3039670836439103,0.26965452808670126,0.27528933804816097,0.2750323716934913,0.03405558920253935,0.358747463144338,0.3633215952249273,0.27752767840436426,0.2960401577859722,0.013938347301018617,0.33684801015564564,0.30952801631755905,0.3509696088904432,0.34865122748119487,0.025001612428838305,-0.020117241901520738,0.009053976773701048,-0.011063265127819688,0.2682,0.22723333333333331,0.2321,0.23216666666666666,0.041033333333333345,0.28200000000000003,0.3126666666666667,0.24886666666666665,0.25833333333333336,-0.021199999999999997,0.3047666666666667,0.24603333333333333,0.29756666666666665,0.29416666666666663,0.05533333333333332,-0.06223333333333334,-0.01429999999999997,-0.07653333333333331
6ch1_A,0.39664604637461603,0.3973193620334133,0.3909859866178513,0.3913752472330934,-0.00028405504355509076,0.3878403400244077,0.38411606278668514,0.3912805622185751,0.39568867567226357,0.00813239069141101,0.3949837983419602,0.3970668686613643,0.3951942094853343,0.3890607246559778,-0.008216555148760685,0.008416445734966102,0.007932500105205595,0.016348945840171696,0.4060349716586698,0.40640655653220925,0.399611447054506,0.40010936176834505,0.00012632984029958827,0.39990316931571196,0.3969584162051458,0.40054982914902165,0.40439446333909274,0.006789387300637217,0.4060404818815468,0.40478187008793204,0.40415443650065347,0.399946289814745,-0.0029495348922937517,0.006663057460337629,0.00307586473259334,0.009738922192930969,0.2617,0.2626,0.25533333333333336,0.2556,-0.0006333333333333376,0.2543,0.24816666666666665,0.25466666666666665,0.25506666666666666,0.006533333333333345,0.2527333333333333,0.25433333333333336,0.2562,0.2519,-0.005899999999999998,0.007166666666666682,0.00526666666666666,0.012433333333333343
2d5j_A,0.5214892008953228,0.5013226359698847,0.38413854248423007,0.39507572454289125,0.03110374698409929,0.53547135257696,0.5523095258858755,0.4731984535333275,0.5013153687392808,0.01127874189703785,0.49063980698235515,0.4545507398040754,0.4988299758727944,0.5038734339118048,0.041132525217290196,-0.019825005087061438,-0.010028778233190908,-0.029853783320252347,0.5166507414739737,0.49785182179341175,0.39391511121847106,0.4032438474660389,0.02812765592812988,0.5340761910311324,0.5469266672195275,0.47332848449303305,0.49938587244792504,0.01320691176649689,0.48976464027036964,0.4584134516070831,0.49979687826743713,0.5041466289919626,0.03570093938781196,-0.01492074416163299,-0.007573283459682075,-0.022494027621315065,0.6999666666666666,0.6805333333333333,0.47923333333333334,0.5097666666666667,0.04996666666666666,0.7239333333333334,0.7441999999999999,0.6366666666666666,0.6837999999999999,0.026866666666666705,0.6644333333333333,0.6017,0.6728333333333333,0.6935333333333334,0.08343333333333336,-0.023099999999999954,-0.0334666666666667,-0.056566666666666654
1hb1_A,0.25472518552875695,0.2501739332096475,0.2330705009276438,0.2251855287569573,-0.003333719851577007,0.2963821892393321,0.2973098330241188,0.2568220470006184,0.2653447742733457,0.007595083487940635,0.26429151205936924,0.2663110698824985,0.2756841372912801,0.2878208101422387,0.010117115027829323,0.010928803339517642,-0.013450834879406329,-0.002522031539888688,0.26558631272660754,0.2634804245378762,0.24875938012385138,0.24081757117434557,-0.005835920760774577,0.3109547623896471,0.3137595603605358,0.26937689104412393,0.27806217377822723,0.005880484763214529,0.28140099225970094,0.2820741396800969,0.2885787181001032,0.30233045895236915,0.013078593431869937,0.011716405523989106,-0.018914514192644515,-0.007198108668655408,0.23496666666666666,0.21006666666666665,0.21389999999999998,0.211,0.022000000000000002,0.2944,0.27236666666666665,0.2483,0.25856666666666667,0.032299999999999995,0.23963333333333334,0.2861666666666667,0.23906666666666668,0.25943333333333335,-0.026166666666666682,0.010299999999999995,0.048166666666666684,0.058466666666666674
